client_id,age,risk_pref,capital_tier,experience_years,client_level,client_level_name
0,58,0.5440158692822142,0,2,1,稳健型
1,48,0.6090480326911475,2,4,2,平衡型
2,34,0.31634225612313427,1,1,0,保守型
3,62,0.3851628763652405,2,2,2,平衡型
4,27,0.3649784833605712,0,4,3,成长型
5,40,0.0940077129345814,0,1,1,稳健型
6,58,0.2967228998113891,1,4,4,进取型
7,38,0.9271493102768736,2,3,2,平衡型
8,42,0.2854750162240562,0,5,3,成长型
9,30,0.3696829072821855,1,1,0,保守型
10,30,0.39532320208521604,2,1,2,平衡型
11,43,0.8188303605087752,0,1,1,稳健型
12,55,0.5594844133434604,1,5,4,进取型
13,59,0.4162449819136458,2,1,2,平衡型
14,43,0.5821265267970941,0,2,1,稳健型
15,22,0.7586040364470235,0,1,1,稳健型
16,41,0.0928618169896479,1,1,0,保守型
17,21,0.6336567065402642,0,0,1,稳健型
18,43,0.46459151139907995,0,2,1,稳健型
19,63,0.12026294832846475,2,3,2,平衡型
20,49,0.5216301755036189,1,0,0,保守型
21,57,0.4983588775922112,1,4,4,进取型
22,21,0.8329727853729587,1,2,0,保守型
23,40,0.5105723010670109,0,2,1,稳健型
24,52,0.0783698295222353,0,2,1,稳健型
25,31,0.5007127732389749,0,1,1,稳健型
26,41,0.8696990619095909,0,1,1,稳健型
27,63,0.5762200168236682,1,3,4,进取型
28,44,0.11687082410846088,1,1,0,保守型
29,68,0.4447667357547493,0,2,1,稳健型
30,46,0.4951442297466974,0,0,1,稳健型
31,61,0.15517965899576716,0,3,3,成长型
32,47,0.6782897566853341,1,1,0,保守型
33,35,0.39685517551322497,0,2,1,稳健型
34,34,0.42630279095941986,0,0,1,稳健型
35,66,0.5578172437916229,1,5,4,进取型
36,63,0.4859550456434454,0,1,1,稳健型
37,22,0.9410226480963321,0,2,3,成长型
38,56,0.7144822551213416,1,2,0,保守型
39,26,0.3389927535824185,0,3,3,成长型
40,40,0.4844574916343867,1,1,0,保守型
41,28,0.7220939760696736,0,3,3,成长型
42,58,0.9525547232434021,0,1,1,稳健型
43,37,0.9594851075983823,0,1,1,稳健型
44,23,0.6894901074751423,2,2,2,平衡型
45,44,0.19865644456383544,1,3,4,进取型
46,33,0.49407040519110135,2,2,2,平衡型
47,69,0.1425210068547857,1,4,4,进取型
48,28,0.03318623522983489,1,1,0,保守型
49,45,0.7620830354371022,0,4,3,成长型
50,21,0.7997121678772893,0,0,1,稳健型
51,39,0.32512193904290154,0,2,1,稳健型
52,47,0.49133651947598395,0,2,1,稳健型
53,66,0.3854620185335142,0,2,1,稳健型
54,26,0.7904062958154802,0,1,1,稳健型
55,63,0.74834982692775,0,2,3,成长型
56,27,0.6854849258420403,0,0,1,稳健型
57,66,0.18798567530685362,0,1,1,稳健型
58,54,0.6650592697044979,1,0,0,保守型
59,33,0.6549022825738687,2,2,2,平衡型
60,36,0.48939837406558545,0,0,1,稳健型
61,55,0.6937802142648258,0,0,1,稳健型
62,69,0.2750026960189866,0,0,1,稳健型
63,59,0.8466923629973543,2,1,2,平衡型
64,23,0.2392188839599285,0,3,3,成长型
65,21,0.1461645245964481,1,4,4,进取型
66,25,0.06728097393999602,0,0,1,稳健型
67,61,0.3484915225320679,0,2,1,稳健型
68,23,0.81099908418323,0,2,3,成长型
69,48,0.9107595076890975,0,2,3,成长型
70,37,0.11866459675723251,2,2,2,平衡型
71,45,0.7519357244700184,0,1,1,稳健型
72,63,0.6848147574125941,1,2,0,保守型
73,53,0.436232595321382,1,1,0,保守型
74,29,0.43344025949740767,1,0,0,保守型
75,55,0.41486679585722724,0,2,1,稳健型
76,33,0.44363938029944594,0,2,1,稳健型
77,50,0.42027939301314865,0,1,1,稳健型
78,67,0.6746448800302832,0,2,3,成长型
79,34,0.3912739414733033,1,3,4,进取型
80,27,0.8471106566141942,0,3,3,成长型
81,33,0.690312606465318,1,2,0,保守型
82,42,0.3182318001864482,0,2,1,稳健型
83,59,0.41437316831675797,2,2,2,平衡型
84,40,0.9832266814078903,0,1,1,稳健型
85,35,0.4368096654970545,0,0,1,稳健型
86,64,0.6969103229502464,2,1,2,平衡型
87,37,0.48050237466156764,0,2,1,稳健型
88,66,0.3663651514934458,2,2,2,平衡型
89,43,0.8061523439397641,0,4,3,成长型
90,45,0.5026644855757252,0,3,3,成长型
91,44,0.48908287538823847,1,0,0,保守型
92,64,0.24375050917668623,2,0,2,平衡型
93,60,0.20106604181869508,0,0,1,稳健型
94,48,0.7851307691799284,2,3,2,平衡型
95,34,0.7881459774139326,1,3,4,进取型
96,64,0.7227218959459104,1,5,4,进取型
97,20,0.7825059769017731,0,2,3,成长型
98,44,0.6744101038676515,0,3,3,成长型
99,26,0.5229088589347283,2,2,2,平衡型
100,28,0.3612290709758383,2,4,2,平衡型
101,43,0.9514324221554109,0,3,3,成长型
102,20,0.8547763962420198,0,2,3,成长型
103,63,0.4860648766821375,0,2,1,稳健型
104,27,0.5279716650133631,1,3,4,进取型
105,43,0.6967525116151154,0,1,1,稳健型
106,30,0.8078233865623111,0,0,1,稳健型
107,36,0.5779135737797496,0,0,1,稳健型
108,27,0.42668334804213565,1,2,0,保守型
109,54,0.4747041549421088,0,2,1,稳健型
110,54,0.47116323467300725,0,0,1,稳健型
111,52,0.4705941870285226,1,1,0,保守型
112,24,0.6465437002086483,1,1,0,保守型
113,61,0.5751765473734685,0,2,1,稳健型
114,58,0.30893340111685885,0,1,1,稳健型
115,60,0.9672510568489542,1,0,0,保守型
116,47,0.6582529177562966,1,0,0,保守型
117,26,0.817367641168001,1,0,0,保守型
118,28,0.6149885159118097,2,3,2,平衡型
119,27,0.6621758875776356,1,1,0,保守型
120,31,0.5390986568983978,1,3,4,进取型
121,53,0.6267897738914859,0,2,1,稳健型
122,52,0.5154846337460789,0,5,3,成长型
123,67,0.7295388609532065,0,1,1,稳健型
124,42,0.7632010785632615,0,0,1,稳健型
125,43,0.434231996843743,1,0,0,保守型
126,56,0.1303555380595448,0,1,1,稳健型
127,54,0.6949114840156952,1,2,0,保守型
128,63,0.31833664123032057,0,0,1,稳健型
129,59,0.81129466060779,0,1,1,稳健型
130,41,0.33525453935636046,2,4,2,平衡型
131,46,0.4014261653604544,0,2,1,稳健型
132,54,0.7991024884970799,0,0,1,稳健型
133,20,0.7053772752145163,0,0,1,稳健型
134,54,0.7814123954190341,2,0,2,平衡型
135,56,0.32571457909243356,0,4,3,成长型
136,66,0.12390006030009537,1,3,4,进取型
137,33,0.5870349935455975,0,3,3,成长型
138,22,0.6779139834841212,1,4,4,进取型
139,20,0.44599634302587776,0,2,1,稳健型
140,24,0.3448210999578647,1,1,0,保守型
141,45,0.6828004183880406,1,1,0,保守型
142,33,0.4110365620221795,1,3,4,进取型
143,58,0.5533563243996585,1,4,4,进取型
144,46,0.1267655705757179,1,1,0,保守型
145,28,0.8704321346860436,1,2,0,保守型
146,34,0.5553749929056263,0,4,3,成长型
147,34,0.837939345864443,1,0,0,保守型
148,45,0.5270082288057254,0,4,3,成长型
149,61,0.5408005735886614,0,0,1,稳健型
150,32,0.1710958878463031,0,2,1,稳健型
151,51,0.5860376354339792,0,1,1,稳健型
152,58,0.2597563950317151,0,2,1,稳健型
153,68,0.8044856404148861,1,2,0,保守型
154,51,0.7460316034358458,0,1,1,稳健型
155,23,0.37499943070246033,0,4,3,成长型
156,49,0.6626203523037285,1,2,0,保守型
157,56,0.49988255107826346,0,3,3,成长型
158,42,0.7521781635935353,1,0,0,保守型
159,58,0.5660688397104393,1,4,4,进取型
160,64,0.06598938641253668,2,0,2,平衡型
161,34,0.5175585442949853,1,1,0,保守型
162,62,0.7489455874157306,0,0,1,稳健型
163,48,0.5755073075998963,0,1,1,稳健型
164,55,0.621889749440177,0,4,3,成长型
165,32,0.35736114182431533,2,1,2,平衡型
166,51,0.9667387505097161,0,1,1,稳健型
167,26,0.1583189044679015,0,3,3,成长型
168,41,0.74557313076288,0,2,3,成长型
169,47,0.2976431588908798,1,3,4,进取型
170,21,0.39841311316123795,0,1,1,稳健型
171,61,0.27513448917770045,2,3,2,平衡型
172,64,0.6947424736343666,0,1,1,稳健型
173,25,0.7302213828145104,0,5,3,成长型
174,47,0.40322408600297854,0,2,1,稳健型
175,47,0.29551804667514187,1,2,0,保守型
176,63,0.7737763221975766,2,0,2,平衡型
177,63,0.36730030847381373,0,1,1,稳健型
178,39,0.8109456223233108,0,0,1,稳健型
179,49,0.19210337248931983,1,1,0,保守型
180,30,0.9600188769481565,0,1,1,稳健型
181,47,0.6845073314544036,0,3,3,成长型
182,44,0.3968496633910935,0,0,1,稳健型
183,58,0.24700323858785755,0,3,3,成长型
184,52,0.17827599591862933,0,0,1,稳健型
185,20,0.688227667146712,0,1,1,稳健型
186,46,0.7221252240514443,0,3,3,成长型
187,32,0.3055916264008133,1,3,4,进取型
188,60,0.4320380422951252,0,2,1,稳健型
189,22,0.4225275448244371,1,0,0,保守型
190,58,0.5040154630274444,0,2,1,稳健型
191,25,0.1731756557253143,1,1,0,保守型
192,27,0.8109340244335678,0,1,1,稳健型
193,46,0.528961236216354,1,2,0,保守型
194,28,0.5789057428130803,0,1,1,稳健型
195,56,0.776638936279081,2,0,2,平衡型
196,52,0.5794942174691332,0,4,3,成长型
197,61,0.4141074930718805,0,3,3,成长型
198,63,0.5221104054026513,2,0,2,平衡型
199,43,0.5852316080568531,1,2,0,保守型
200,34,0.45819326246595915,0,0,1,稳健型
201,51,0.6725873254558563,2,3,2,平衡型
202,51,0.5512863802421298,0,2,1,稳健型
203,43,0.7070854982541888,0,0,1,稳健型
204,60,0.5572689161434855,2,0,2,平衡型
205,68,0.6495233940987039,0,0,1,稳健型
206,68,0.22727272959496508,2,2,2,平衡型
207,31,0.10739118534981722,0,3,3,成长型
208,58,0.7870543978743273,1,0,0,保守型
209,21,0.11627214150198333,1,1,0,保守型
210,22,0.3753867441922514,2,1,2,平衡型
211,68,0.5296231161030641,1,1,0,保守型
212,56,0.45358963847831146,0,1,1,稳健型
213,68,0.6111273415373496,1,2,0,保守型
214,36,0.6220632760321432,0,2,1,稳健型
215,68,0.3279595786123082,1,5,4,进取型
216,21,0.7614299111308219,2,4,2,平衡型
217,21,0.611170138158612,0,2,1,稳健型
218,47,0.08056288494693009,1,3,4,进取型
219,42,0.3231622882231764,0,5,3,成长型
220,56,0.8204645769317196,0,0,1,稳健型
221,51,0.10822324060166376,0,0,1,稳健型
222,52,0.02569786951285398,1,0,0,保守型
223,20,0.8352999801969238,0,2,3,成长型
224,38,0.3019440618778492,1,3,4,进取型
225,21,0.2313219263299916,0,1,1,稳健型
226,63,0.5750822461267588,1,2,0,保守型
227,45,0.5956178622577333,0,2,1,稳健型
228,51,0.516103832725123,1,0,0,保守型
229,25,0.5238740967871433,0,1,1,稳健型
230,51,0.6492772387833932,1,0,0,保守型
231,23,0.7282703101489267,0,0,1,稳健型
232,30,0.5899160512712016,1,3,4,进取型
233,36,0.3692750908144069,0,3,3,成长型
234,57,0.26744672948789894,1,3,4,进取型
235,43,0.8530868838728427,0,3,3,成长型
236,24,0.41443534365789525,1,3,4,进取型
237,53,0.27647715108834725,0,2,1,稳健型
238,25,0.6721401076152083,0,2,3,成长型
239,41,0.7310761892986675,0,2,3,成长型
240,30,0.273174659882376,0,2,1,稳健型
241,67,0.3719737038010173,0,1,1,稳健型
242,35,0.9349176225897896,2,3,2,平衡型
243,52,0.46003131926648444,2,1,2,平衡型
244,28,0.2274770576958865,1,2,0,保守型
245,25,0.9270677092022752,0,1,1,稳健型
246,35,0.7800726289447919,0,1,1,稳健型
247,48,0.32610036975068646,1,5,4,进取型
248,22,0.2808858496465919,0,1,1,稳健型
249,39,0.2510495045861245,2,1,2,平衡型
250,55,0.3453565982809137,0,0,1,稳健型
251,38,0.7421254146133989,2,3,2,平衡型
252,45,0.5151548155173309,0,2,1,稳健型
253,22,0.47314275370401343,1,2,0,保守型
254,38,0.42381353314980835,0,3,3,成长型
255,39,0.7060387351775301,2,1,2,平衡型
256,51,0.23933144881902124,0,0,1,稳健型
257,26,0.7063783162360022,1,0,0,保守型
258,60,0.6299969409422275,1,3,4,进取型
259,52,0.17922147944114505,0,2,1,稳健型
260,59,0.7913220603755206,0,1,1,稳健型
261,58,0.5442129514594832,0,0,1,稳健型
262,37,0.07632684458183459,0,0,1,稳健型
263,59,0.30784082514413047,0,2,1,稳健型
264,20,0.3997229099034367,0,0,1,稳健型
265,30,0.3046765669964959,0,0,1,稳健型
266,47,0.8803171460646327,1,1,0,保守型
267,44,0.9133903535498985,1,2,0,保守型
268,69,0.5399947705836953,0,2,1,稳健型
269,42,0.4756792124228351,2,1,2,平衡型
270,50,0.4423368180893111,2,2,2,平衡型
271,49,0.7805545125262733,1,2,0,保守型
272,61,0.7373617280130387,0,5,3,成长型
273,54,0.8291192314983132,0,0,1,稳健型
274,26,0.9010877682781778,1,2,0,保守型
275,35,0.5065678162168911,1,2,0,保守型
276,45,0.831812944928169,0,0,1,稳健型
277,67,0.6793941867770308,1,3,4,进取型
278,68,0.4327810306511689,0,1,1,稳健型
279,21,0.8197756317940831,0,1,1,稳健型
280,20,0.18840043575760929,1,1,0,保守型
281,67,0.42690186062565866,1,1,0,保守型
282,31,0.6389666074679514,0,1,1,稳健型
283,24,0.7969387077118791,1,2,0,保守型
284,56,0.2990733270691663,2,3,2,平衡型
285,51,0.25996623361213367,1,3,4,进取型
286,28,0.48186294964832677,1,0,0,保守型
287,60,0.46413312553786984,0,2,1,稳健型
288,54,0.1811944129179457,0,4,3,成长型
289,38,0.7159946310601951,0,0,1,稳健型
290,67,0.3812166644618415,1,2,0,保守型
291,35,0.7487120551757221,1,3,4,进取型
292,22,0.16471570928269627,0,2,1,稳健型
293,39,0.6044965490523636,0,0,1,稳健型
294,43,0.5115014842703324,0,1,1,稳健型
295,52,0.4564765474357962,0,2,1,稳健型
296,43,0.7031084124115452,2,5,2,平衡型
297,30,0.30068535964733734,1,0,0,保守型
298,68,0.8058309260296547,0,5,3,成长型
299,27,0.713254461453384,1,1,0,保守型
300,55,0.48234780657926346,1,1,0,保守型
301,57,0.5940737893759663,1,1,0,保守型
302,59,0.577932468402804,0,2,1,稳健型
303,39,0.6813078273741285,0,1,1,稳健型
304,54,0.4488828231258624,0,1,1,稳健型
305,67,0.1737431389172947,1,4,4,进取型
306,44,0.5427985384135557,1,5,4,进取型
307,54,0.22544787638361247,1,1,0,保守型
308,44,0.31827288567622886,0,0,1,稳健型
309,48,0.7317247272045591,0,3,3,成长型
310,37,0.2211748544426662,0,2,1,稳健型
311,65,0.653349229050262,2,0,2,平衡型
312,37,0.30107011507779186,0,4,3,成长型
313,21,0.4348877025331326,0,0,1,稳健型
314,54,0.5295997885940062,2,2,2,平衡型
315,35,0.6212756429012701,1,1,0,保守型
316,60,0.849740697366616,1,2,0,保守型
317,55,0.6733577739223151,0,1,1,稳健型
318,52,0.5975840117510296,1,2,0,保守型
319,23,0.6416246476012405,0,5,3,成长型
320,52,0.835802348499289,1,2,0,保守型
321,33,0.5000853659165904,0,2,1,稳健型
322,40,0.2493048435375017,0,1,1,稳健型
323,67,0.5814671610636275,1,4,4,进取型
324,39,0.7518530186906076,1,5,4,进取型
325,27,0.6671365438481008,1,3,4,进取型
326,26,0.46703060776511607,0,2,1,稳健型
327,22,0.7163463411521791,0,5,3,成长型
328,36,0.395585864425857,1,0,0,保守型
329,52,0.16879377509638258,1,2,0,保守型
330,67,0.7264128515749343,2,2,2,平衡型
331,31,0.3544865109704549,1,2,0,保守型
332,41,0.6825843143838348,0,3,3,成长型
333,41,0.6908876301420017,2,2,2,平衡型
334,65,0.31258378043448964,0,0,1,稳健型
335,49,0.03405042808234082,0,1,1,稳健型
336,57,0.20464801061256824,0,1,1,稳健型
337,57,0.796098505392612,0,2,3,成长型
338,64,0.8508109804116836,1,1,0,保守型
339,27,0.8198182125311493,1,0,0,保守型
340,46,0.9294755340209836,1,2,0,保守型
341,46,0.7789295471885516,0,4,3,成长型
342,53,0.12443706651112592,0,4,3,成长型
343,40,0.7156249236336367,0,5,3,成长型
344,49,0.6257982257589471,1,3,4,进取型
345,52,0.39717618467847776,0,0,1,稳健型
346,47,0.28419523848230593,1,4,4,进取型
347,66,0.9914193023569078,0,1,1,稳健型
348,52,0.7251676739450164,0,3,3,成长型
349,24,0.7363591951664126,1,2,0,保守型
350,67,0.6435093418428249,1,3,4,进取型
351,38,0.5013154971508839,0,1,1,稳健型
352,23,0.13789492390814198,1,0,0,保守型
353,54,0.5200669358065388,2,2,2,平衡型
354,68,0.8627698722799744,2,0,2,平衡型
355,36,0.47604367117863555,1,5,4,进取型
356,63,0.7037409659927761,1,2,0,保守型
357,47,0.43882021621992,0,2,1,稳健型
358,49,0.2547647800750544,1,4,4,进取型
359,48,0.5671392211431988,0,2,1,稳健型
360,65,0.6617786425167784,2,1,2,平衡型
361,25,0.7217144174112873,0,1,1,稳健型
362,54,0.35176331048597975,0,2,1,稳健型
363,60,0.8353990964906672,1,4,4,进取型
364,56,0.4501709011898566,0,3,3,成长型
365,43,0.40909447366192175,0,5,3,成长型
366,48,0.41052855156453855,1,0,0,保守型
367,68,0.10103827795017846,1,1,0,保守型
368,65,0.8953545296652701,1,0,0,保守型
369,50,0.4553301408155891,0,3,3,成长型
370,54,0.37849364554608445,1,0,0,保守型
371,52,0.31377728257924364,0,0,1,稳健型
372,40,0.7567641352043392,0,2,3,成长型
373,51,0.6293042966774478,1,1,0,保守型
374,42,0.47412364535437823,1,3,4,进取型
375,52,0.7550127942753266,0,2,3,成长型
376,22,0.3148559424242043,1,1,0,保守型
377,37,0.6518796461660364,0,1,1,稳健型
378,44,0.4851257394660866,0,4,3,成长型
379,61,0.3937862722235982,0,1,1,稳健型
380,50,0.48331421108278344,2,1,2,平衡型
381,22,0.5513666604548384,1,1,0,保守型
382,59,0.07626064582911457,1,0,0,保守型
383,65,0.6904315548502322,1,4,4,进取型
384,43,0.3085137064393373,1,0,0,保守型
385,69,0.14149077834008653,0,4,3,成长型
386,51,0.9017686541340181,0,1,1,稳健型
387,66,0.9516865326748548,0,4,3,成长型
388,41,0.5582355204697826,1,3,4,进取型
389,42,0.2085167987398283,2,2,2,平衡型
390,21,0.8996060474427499,0,2,3,成长型
391,46,0.6150500330184424,0,1,1,稳健型
392,61,0.7268282130667746,0,2,3,成长型
393,21,0.7393747429367434,1,1,0,保守型
394,45,0.5061394209761843,0,1,1,稳健型
395,36,0.127403909033597,0,3,3,成长型
396,59,0.4587965777507924,1,1,0,保守型
397,52,0.4428610254670499,1,3,4,进取型
398,28,0.7230026552576748,0,1,1,稳健型
399,62,0.3942013696324839,0,2,1,稳健型
400,67,0.46337178879579133,1,4,4,进取型
401,58,0.7463281164083475,0,2,3,成长型
402,48,0.712190752713511,2,2,2,平衡型
403,61,0.7642245271506058,1,3,4,进取型
404,45,0.8948050413407345,0,4,3,成长型
405,54,0.6692378101593884,0,1,1,稳健型
406,69,0.36666276721301216,0,2,1,稳健型
407,44,0.32639320544723094,0,1,1,稳健型
408,43,0.6780233014520715,2,0,2,平衡型
409,32,0.6831563451328665,1,0,0,保守型
410,26,0.4195813691610278,0,1,1,稳健型
411,55,0.7078387503809769,0,2,3,成长型
412,64,0.42973589680261,0,4,3,成长型
413,39,0.7254492695931136,0,3,3,成长型
414,20,0.964766454258225,1,2,0,保守型
415,27,0.34888879000274214,0,0,1,稳健型
416,65,0.6981299881571112,2,1,2,平衡型
417,35,0.7243985078356806,0,1,1,稳健型
418,33,0.7326747467881286,1,2,0,保守型
419,31,0.5861695503091678,2,0,2,平衡型
420,42,0.5942506709897056,0,2,1,稳健型
421,34,0.45068674062428776,0,4,3,成长型
422,47,0.1367369117565695,0,3,3,成长型
423,53,0.9240395734104848,0,3,3,成长型
424,21,0.4691805693834385,2,2,2,平衡型
425,51,0.5739178397851664,2,1,2,平衡型
426,42,0.44402887907396377,2,0,2,平衡型
427,41,0.37792229770801977,1,3,4,进取型
428,44,0.6960260609430504,0,2,3,成长型
429,41,0.46077419974247497,2,2,2,平衡型
430,41,0.69130813779849,2,0,2,平衡型
431,68,0.8896602283591578,0,2,3,成长型
432,61,0.9446292433224887,0,0,1,稳健型
433,25,0.4457849465260509,1,0,0,保守型
434,34,0.7422529770977867,0,1,1,稳健型
435,62,0.4274469665035241,0,1,1,稳健型
436,56,0.6050346430499183,2,0,2,平衡型
437,52,0.607600267162974,2,0,2,平衡型
438,27,0.5548251654681207,0,3,3,成长型
439,63,0.5018118014166637,0,2,1,稳健型
440,63,0.6376732848160673,1,2,0,保守型
441,24,0.06391627897800654,1,2,0,保守型
442,58,0.1569969207117815,0,5,3,成长型
443,23,0.3283263187431003,1,0,0,保守型
444,25,0.7782766865354713,2,0,2,平衡型
445,64,0.19565487603425574,2,2,2,平衡型
446,51,0.9385919946459784,0,0,1,稳健型
447,49,0.5128960708921311,0,2,1,稳健型
448,66,0.7008580334686625,2,2,2,平衡型
449,54,0.9697945986349958,0,5,3,成长型
450,59,0.2266199388855961,1,4,4,进取型
451,35,0.1696575720258939,0,4,3,成长型
452,32,0.2695632636985952,0,0,1,稳健型
453,69,0.4875796961879442,0,4,3,成长型
454,61,0.17861668346517964,0,0,1,稳健型
455,49,0.3941099649866991,2,2,2,平衡型
456,38,0.26227332920802005,0,3,3,成长型
457,36,0.8600602029701371,2,0,2,平衡型
458,38,0.4509112374925582,2,2,2,平衡型
459,47,0.4302197821953806,0,0,1,稳健型
460,45,0.09338574553950936,1,1,0,保守型
461,56,0.46932153862237397,0,4,3,成长型
462,45,0.4567822883370172,1,0,0,保守型
463,42,0.45845451774284796,1,0,0,保守型
464,28,0.44263287145448926,0,1,1,稳健型
465,31,0.45639079833016566,0,4,3,成长型
466,20,0.6392760134290396,1,0,0,保守型
467,20,0.5234175068191256,2,1,2,平衡型
468,66,0.6875927007848306,0,4,3,成长型
469,53,0.6139397078574657,1,0,0,保守型
470,51,0.4220266723658652,0,1,1,稳健型
471,67,0.6854459661171546,1,3,4,进取型
472,44,0.06795086143485791,0,2,1,稳健型
473,59,0.7403391451247184,1,3,4,进取型
474,64,0.4189052530714846,0,0,1,稳健型
475,20,0.6403033878792689,1,4,4,进取型
476,35,0.37035330460021637,1,4,4,进取型
477,58,0.40911526718517527,1,0,0,保守型
478,24,0.18373073273572568,1,0,0,保守型
479,41,0.774696671482028,1,5,4,进取型
480,48,0.5076808262834039,2,2,2,平衡型
481,22,0.5746319292189039,1,2,0,保守型
482,31,0.7964868030591764,2,2,2,平衡型
483,45,0.324657457407915,1,3,4,进取型
484,35,0.2968305912141434,1,3,4,进取型
485,56,0.9824071341232096,0,0,1,稳健型
486,41,0.5159049108148183,1,1,0,保守型
487,48,0.4657367113109827,0,4,3,成长型
488,33,0.4045678775936824,2,3,2,平衡型
489,47,0.21462307407194534,1,2,0,保守型
490,24,0.5419428899459005,2,5,2,平衡型
491,66,0.8392119515309939,0,3,3,成长型
492,68,0.6293176648557774,0,1,1,稳健型
493,49,0.36201042329722394,2,3,2,平衡型
494,65,0.27342414611572974,0,1,1,稳健型
495,24,0.47043833388635903,0,0,1,稳健型
496,31,0.7073526738678986,2,1,2,平衡型
497,35,0.29713061372356553,1,3,4,进取型
498,45,0.28858615951777744,0,5,3,成长型
499,45,0.19200093463480092,2,1,2,平衡型
500,67,0.5866666431749789,0,1,1,稳健型
501,40,0.39633778074684745,2,2,2,平衡型
502,58,0.7870727946758078,0,3,3,成长型
503,55,0.3165326200579707,1,3,4,进取型
504,52,0.5254607314391402,0,2,1,稳健型
505,49,0.4565736662901258,1,2,0,保守型
506,56,0.5267621189216024,0,1,1,稳健型
507,42,0.44579411859122836,1,1,0,保守型
508,29,0.5894689480063992,0,1,1,稳健型
509,24,0.4041652232518947,0,4,3,成长型
510,55,0.5345812129081196,1,0,0,保守型
511,53,0.8157666047778586,0,2,3,成长型
512,50,0.16789160431941774,0,1,1,稳健型
513,29,0.35668607330353796,0,2,1,稳健型
514,38,0.23754683069132365,0,1,1,稳健型
515,51,0.5084304620674989,0,1,1,稳健型
516,20,0.40172993305687454,0,1,1,稳健型
517,24,0.6455898559395628,0,3,3,成长型
518,64,0.4976260086505962,1,1,0,保守型
519,23,0.8138646331763207,1,3,4,进取型
520,35,0.7567204572110522,0,2,3,成长型
521,43,0.43081357647545926,2,2,2,平衡型
522,35,0.8879549845970116,2,2,2,平衡型
523,21,0.6636684461959168,0,5,3,成长型
524,68,0.2935298795040946,0,1,1,稳健型
525,47,0.2351107962999531,2,1,2,平衡型
526,51,0.4605699972378091,0,4,3,成长型
527,46,0.2389334663075737,0,0,1,稳健型
528,39,0.17271231552904778,0,3,3,成长型
529,43,0.42143947072407306,1,0,0,保守型
530,31,0.43315997384273,0,2,1,稳健型
531,69,0.699263045273669,1,0,0,保守型
532,54,0.2741682322865698,1,4,4,进取型
533,52,0.4326657223606016,1,2,0,保守型
534,52,0.41761498362588495,2,1,2,平衡型
535,62,0.7659121081403345,0,0,1,稳健型
536,56,0.4104619889789715,1,1,0,保守型
537,31,0.4419102012092754,0,3,3,成长型
538,22,0.27919679485683147,0,1,1,稳健型
539,20,0.15342410500108264,0,1,1,稳健型
540,52,0.5259728232368267,0,2,1,稳健型
541,59,0.5928906205205221,0,1,1,稳健型
542,29,0.6029780616708174,0,0,1,稳健型
543,62,0.6095118706451068,0,0,1,稳健型
544,63,0.48163416234665646,1,3,4,进取型
545,48,0.7679975314588594,0,5,3,成长型
546,32,0.46568183717120604,1,1,0,保守型
547,31,0.4476860680036154,0,3,3,成长型
548,50,0.42854380537816644,0,0,1,稳健型
549,65,0.524364069608421,0,1,1,稳健型
550,21,0.7272837369374998,0,2,3,成长型
551,69,0.4178993528254887,1,1,0,保守型
552,54,0.6477858134722239,0,2,1,稳健型
553,42,0.5844618587539273,2,4,2,平衡型
554,36,0.24845675895235725,2,4,2,平衡型
555,45,0.44360969247889587,0,0,1,稳健型
556,27,0.08942165660950066,1,1,0,保守型
557,48,0.8074671100933217,0,5,3,成长型
558,45,0.7900329477219548,1,1,0,保守型
559,29,0.45240669897675295,1,2,0,保守型
560,45,0.5221230201145008,0,1,1,稳健型
561,53,0.5756297769005416,0,1,1,稳健型
562,60,0.7378561272012674,0,0,1,稳健型
563,26,0.35434376157746234,0,4,3,成长型
564,23,0.47370184447884195,1,4,4,进取型
565,69,0.6820855602819692,0,1,1,稳健型
566,64,0.6209945803918548,0,3,3,成长型
567,30,0.8633510129202473,0,1,1,稳健型
568,48,0.6109905924796991,1,0,0,保守型
569,55,0.48744634506749246,0,3,3,成长型
570,44,0.652101701936037,1,2,0,保守型
571,40,0.648662001010594,1,1,0,保守型
572,55,0.7615894248746737,1,1,0,保守型
573,29,0.307078766676641,1,5,4,进取型
574,56,0.3483391295394264,0,4,3,成长型
575,28,0.4655901456296016,0,3,3,成长型
576,43,0.6148055095181267,1,0,0,保守型
577,54,0.4524193569710278,2,3,2,平衡型
578,68,0.7341336159012521,1,1,0,保守型
579,54,0.21305353358261675,0,5,3,成长型
580,67,0.9421003635241116,0,0,1,稳健型
581,55,0.6438540757657254,2,1,2,平衡型
582,37,0.1988699500341458,0,1,1,稳健型
583,68,0.5219897248251234,0,3,3,成长型
584,58,0.11952928022465777,0,3,3,成长型
585,51,0.5784440932983258,2,1,2,平衡型
586,43,0.7925331645110861,0,2,3,成长型
587,42,0.5703008567588183,0,3,3,成长型
588,51,0.17039090992998093,1,0,0,保守型
589,56,0.6460752684985331,0,3,3,成长型
590,31,0.25840265626929565,2,4,2,平衡型
591,68,0.45260583480458466,1,0,0,保守型
592,32,0.5866986538886075,0,0,1,稳健型
593,42,0.2823929502125128,2,1,2,平衡型
594,44,0.3137377500782967,2,0,2,平衡型
595,54,0.5845654067732958,0,2,1,稳健型
596,60,0.6341809628008529,0,3,3,成长型
597,49,0.21766128925314437,1,2,0,保守型
598,36,0.21508525166214992,0,0,1,稳健型
599,68,0.22275743414301058,2,2,2,平衡型
600,39,0.2575969426038414,2,2,2,平衡型
601,67,0.210100008778322,0,4,3,成长型
602,44,0.3689553118687241,2,0,2,平衡型
603,41,0.44648953774538547,0,2,1,稳健型
604,32,0.34897436589333913,1,4,4,进取型
605,38,0.39512388824372335,0,2,1,稳健型
606,68,0.8480031339053694,2,1,2,平衡型
607,55,0.30747999148499777,1,0,0,保守型
608,31,0.06418967486013734,1,4,4,进取型
609,60,0.6124481094114105,2,1,2,平衡型
610,38,0.434743666305193,1,4,4,进取型
611,31,0.6033085858511513,0,3,3,成长型
612,28,0.21156706682446882,2,1,2,平衡型
613,26,0.6665435230725764,1,2,0,保守型
614,47,0.5287927560838331,2,0,2,平衡型
615,33,0.7354568617797027,2,1,2,平衡型
616,50,0.7847213436715136,0,3,3,成长型
617,38,0.40361121614386103,0,2,1,稳健型
618,66,0.5590199659434092,0,1,1,稳健型
619,35,0.5855607719473257,1,3,4,进取型
620,24,0.7104755613215341,0,1,1,稳健型
621,54,0.20040675386054846,1,2,0,保守型
622,31,0.05131490770318634,0,2,1,稳健型
623,44,0.6292921898498263,0,1,1,稳健型
624,40,0.0974090569714553,0,5,3,成长型
625,55,0.8780866139663264,0,2,3,成长型
626,42,0.24961494496480943,1,2,0,保守型
627,35,0.2842889764507792,0,2,1,稳健型
628,58,0.7128791937527164,0,0,1,稳健型
629,64,0.4649196870933073,0,1,1,稳健型
630,61,0.4494116789921331,1,2,0,保守型
631,58,0.296747752894249,1,4,4,进取型
632,33,0.7189796452135269,0,3,3,成长型
633,50,0.34732001127738077,1,1,0,保守型
634,24,0.5106913351481349,0,1,1,稳健型
635,54,0.23775183875774747,0,0,1,稳健型
636,42,0.16244648477914242,1,0,0,保守型
637,48,0.7109733422726631,0,2,3,成长型
638,62,0.6339192724961644,1,2,0,保守型
639,30,0.42138584815185554,0,1,1,稳健型
640,37,0.39320739656457654,2,2,2,平衡型
641,66,0.3914161945901066,0,3,3,成长型
642,31,0.6581333863975702,1,1,0,保守型
643,28,0.299722030671036,2,3,2,平衡型
644,29,0.6639867420696893,0,1,1,稳健型
645,63,0.5820451583962091,0,2,1,稳健型
646,36,0.496834734551113,0,3,3,成长型
647,57,0.41761942070208896,1,2,0,保守型
648,26,0.6071553881903682,0,4,3,成长型
649,65,0.43856194312449953,0,0,1,稳健型
650,32,0.602360534502953,1,2,0,保守型
651,59,0.5168399174591984,0,2,1,稳健型
652,61,0.37474819588052627,1,2,0,保守型
653,28,0.9082657234485316,0,3,3,成长型
654,69,0.6730376587390904,0,3,3,成长型
655,46,0.606103844809702,1,3,4,进取型
656,21,0.4927193585439182,1,1,0,保守型
657,24,0.3216531890571604,0,1,1,稳健型
658,48,0.3837406148929197,0,2,1,稳健型
659,56,0.06418733784363048,0,2,1,稳健型
660,57,0.759813010375791,0,5,3,成长型
661,38,0.3331957934511222,0,0,1,稳健型
662,27,0.8584596669196626,0,1,1,稳健型
663,67,0.362398391601772,1,2,0,保守型
664,64,0.6733206222085566,1,4,4,进取型
665,20,0.5645585650489283,0,4,3,成长型
666,41,0.48903998291168627,0,1,1,稳健型
667,36,0.04732831884135248,0,0,1,稳健型
668,26,0.7014317855939514,1,1,0,保守型
669,44,0.7266797796817513,2,1,2,平衡型
670,64,0.45076612946977274,1,5,4,进取型
671,23,0.5962549658448724,1,1,0,保守型
672,55,0.5358056236163451,1,1,0,保守型
673,25,0.5141946167206283,0,1,1,稳健型
674,50,0.16169691608411957,0,1,1,稳健型
675,38,0.6385224784427824,1,3,4,进取型
676,63,0.4486515464972459,0,0,1,稳健型
677,58,0.5282025482398534,1,1,0,保守型
678,46,0.5511487707549485,1,5,4,进取型
679,29,0.5541179127452592,1,0,0,保守型
680,45,0.5684838991833027,0,3,3,成长型
681,38,0.7731216697805225,1,1,0,保守型
682,58,0.4037155184490499,1,2,0,保守型
683,22,0.22294717020363433,1,0,0,保守型
684,64,0.25167678891011863,1,1,0,保守型
685,32,0.590847337683325,2,2,2,平衡型
686,69,0.7747436956258038,0,1,1,稳健型
687,47,0.4505285756363986,0,2,1,稳健型
688,39,0.44521097973402074,0,1,1,稳健型
689,47,0.952992847671486,0,2,3,成长型
690,27,0.9230451053220023,2,4,2,平衡型
691,60,0.20323000052077797,2,0,2,平衡型
692,58,0.7521794282536635,0,1,1,稳健型
693,20,0.6363166518536132,0,3,3,成长型
694,22,0.07636977524786713,0,2,1,稳健型
695,32,0.5711768672028131,1,0,0,保守型
696,47,0.701053837399252,0,2,3,成长型
697,68,0.6389795055529912,0,1,1,稳健型
698,44,0.6919755526574752,0,0,1,稳健型
699,52,0.7045348505151938,0,4,3,成长型
700,57,0.4422915114417665,2,3,2,平衡型
701,25,0.07173771491598928,0,2,1,稳健型
702,63,0.3746340774932593,0,1,1,稳健型
703,64,0.24391209928376886,0,0,1,稳健型
704,51,0.180377012751356,0,4,3,成长型
705,64,0.6628218697855671,1,0,0,保守型
706,66,0.3774040507237818,0,1,1,稳健型
707,40,0.3415940599754551,0,1,1,稳健型
708,35,0.6244360858444037,1,2,0,保守型
709,40,0.13560362706918974,0,1,1,稳健型
710,30,0.6751630653901187,1,1,0,保守型
711,56,0.6687869509988901,0,4,3,成长型
712,55,0.7597823683517912,0,2,3,成长型
713,54,0.45443027862118635,1,0,0,保守型
714,38,0.6060418792645998,1,3,4,进取型
715,39,0.3982023690438202,1,1,0,保守型
716,37,0.35788232944110915,0,1,1,稳健型
717,66,0.09665759000588274,0,2,1,稳健型
718,60,0.491530494607017,0,1,1,稳健型
719,68,0.7505310066846992,1,1,0,保守型
720,33,0.5082687371604707,1,3,4,进取型
721,34,0.6882174581489702,0,4,3,成长型
722,50,0.2288901263578206,1,2,0,保守型
723,20,0.27512803228056043,1,0,0,保守型
724,22,0.5087223838315057,0,1,1,稳健型
725,35,0.3453396373485347,1,1,0,保守型
726,42,0.7787871407871944,0,1,1,稳健型
727,30,0.3121172457471542,0,1,1,稳健型
728,31,0.11485801654801463,2,2,2,平衡型
729,29,0.49619940997816775,0,0,1,稳健型
730,51,0.4523147902458565,0,1,1,稳健型
731,35,0.6170484786306055,1,2,0,保守型
732,27,0.5818012066413117,2,1,2,平衡型
733,57,0.533707814509875,2,5,2,平衡型
734,31,0.3334473455385656,1,1,0,保守型
735,43,0.4472932748482265,0,4,3,成长型
736,47,0.8630868514803492,2,4,2,平衡型
737,27,0.40313131470864355,1,3,4,进取型
738,47,0.6038785028837993,0,0,1,稳健型
739,55,0.3369323627270886,1,4,4,进取型
740,45,0.42647712424861545,0,0,1,稳健型
741,27,0.5647683757288234,0,0,1,稳健型
742,69,0.9453699841995469,1,1,0,保守型
743,47,0.7186223078230117,1,0,0,保守型
744,47,0.4748028313123989,0,0,1,稳健型
745,56,0.2042660762814268,0,1,1,稳健型
746,60,0.49344309248559426,1,1,0,保守型
747,55,0.7787809064721806,0,2,3,成长型
748,46,0.7769288116537737,0,0,1,稳健型
749,36,0.6550104480491792,1,2,0,保守型
750,28,0.5060816733084378,2,5,2,平衡型
751,52,0.6090108977229242,1,1,0,保守型
752,39,0.9187103959685468,1,2,0,保守型
753,32,0.3038539662741174,1,5,4,进取型
754,47,0.6658161371964669,1,0,0,保守型
755,67,0.7518187717214535,0,1,1,稳健型
756,48,0.800922690588594,2,4,2,平衡型
757,32,0.2912297364030793,0,4,3,成长型
758,65,0.8672621940586038,0,2,3,成长型
759,54,0.17328524616577798,0,0,1,稳健型
760,25,0.758369798478801,1,4,4,进取型
761,37,0.9565685826610185,0,0,1,稳健型
762,24,0.3021259075631375,0,1,1,稳健型
763,66,0.4647242964142425,1,1,0,保守型
764,44,0.9243385361423728,2,1,2,平衡型
765,21,0.7313283417357135,1,3,4,进取型
766,29,0.2812130401745256,0,3,3,成长型
767,49,0.48437928672391833,0,3,3,成长型
768,69,0.47551157034959607,1,0,0,保守型
769,64,0.23818124359698334,0,2,1,稳健型
770,24,0.14558749292110856,1,3,4,进取型
771,52,0.5071782890857846,0,1,1,稳健型
772,20,0.529453485807271,2,4,2,平衡型
773,37,0.3379558107583148,0,3,3,成长型
774,51,0.6144737957133901,0,2,1,稳健型
775,66,0.7563169170064484,2,0,2,平衡型
776,68,0.6059970844282482,0,2,1,稳健型
777,30,0.472339339319816,0,4,3,成长型
778,40,0.09379021916220913,1,1,0,保守型
779,45,0.7171331594538108,0,3,3,成长型
780,44,0.4568276679351961,0,1,1,稳健型
781,41,0.820001586156804,0,2,3,成长型
782,46,0.6827789841991022,0,2,3,成长型
783,68,0.23517563892890825,0,2,1,稳健型
784,32,0.6489360944964944,1,4,4,进取型
785,52,0.45698434778505315,1,1,0,保守型
786,53,0.8985767448570176,0,1,1,稳健型
787,60,0.8215759889885171,0,3,3,成长型
788,54,0.5035254860036094,2,0,2,平衡型
789,20,0.17918111121980104,2,2,2,平衡型
790,40,0.9000983045228992,0,0,1,稳健型
791,67,0.43720984220412545,1,0,0,保守型
792,25,0.5339184850544755,1,2,0,保守型
793,47,0.7643314896115817,0,3,3,成长型
794,36,0.7099773385539195,0,0,1,稳健型
795,24,0.9237446279502459,0,1,1,稳健型
796,50,0.7018418903236635,1,0,0,保守型
797,24,0.9436311608104059,1,1,0,保守型
798,57,0.29419765458114805,1,0,0,保守型
799,22,0.9852764037634797,0,1,1,稳健型
800,42,0.8370724603821178,1,3,4,进取型
801,56,0.17409505823666524,1,2,0,保守型
802,56,0.44174905631235206,2,1,2,平衡型
803,29,0.5754969117463109,0,2,1,稳健型
804,29,0.8883555629560319,1,4,4,进取型
805,38,0.8801607029140555,0,1,1,稳健型
806,36,0.348573194083846,1,1,0,保守型
807,40,0.17122076909981965,1,2,0,保守型
808,33,0.5913210086580498,0,1,1,稳健型
809,28,0.09731045501184385,1,2,0,保守型
810,65,0.38277035129092957,0,3,3,成长型
811,20,0.13559322655153092,1,2,0,保守型
812,64,0.5402440939062415,0,2,1,稳健型
813,32,0.549778055625405,1,2,0,保守型
814,23,0.8059871944401457,2,0,2,平衡型
815,20,0.8809517489464925,0,0,1,稳健型
816,68,0.4834011101419907,1,4,4,进取型
817,59,0.43797673344665405,0,4,3,成长型
818,51,0.553172221087251,0,3,3,成长型
819,53,0.6191605659312268,1,4,4,进取型
820,47,0.6482414299336203,1,1,0,保守型
821,50,0.7408072774596904,2,1,2,平衡型
822,27,0.19559724758296645,2,1,2,平衡型
823,58,0.3514333782481154,1,0,0,保守型
824,45,0.19790326575622047,1,3,4,进取型
825,53,0.24960002028703518,1,5,4,进取型
826,22,0.41542577755971294,0,3,3,成长型
827,69,0.5267267325627258,0,2,1,稳健型
828,31,0.5022498091828604,0,1,1,稳健型
829,20,0.42566316226170575,1,0,0,保守型
830,63,0.781422442563914,1,1,0,保守型
831,24,0.7764244875583052,1,2,0,保守型
832,49,0.6704619936597643,0,1,1,稳健型
833,49,0.5170838549925294,2,4,2,平衡型
834,36,0.1577260766611046,0,4,3,成长型
835,67,0.3928794106791276,1,0,0,保守型
836,66,0.3085326292862621,0,0,1,稳健型
837,42,0.5029866087872891,0,2,1,稳健型
838,34,0.33413139737926495,1,1,0,保守型
839,56,0.5457809637040745,2,3,2,平衡型
840,40,0.1300457697320194,0,2,1,稳健型
841,33,0.20371266647718952,0,1,1,稳健型
842,21,0.493220681500452,0,2,1,稳健型
843,30,0.3334894112648521,0,1,1,稳健型
844,58,0.9036591589108647,0,4,3,成长型
845,57,0.9731040881802239,1,0,0,保守型
846,53,0.8993564264807264,2,4,2,平衡型
847,57,0.7053510706274553,0,2,3,成长型
848,69,0.5495735147161689,1,3,4,进取型
849,53,0.5169055864655593,0,0,1,稳健型
850,37,0.7041579518936559,0,2,3,成长型
851,49,0.2707993993520334,0,2,1,稳健型
852,34,0.6453820188265107,1,2,0,保守型
853,46,0.6414690015421852,0,3,3,成长型
854,53,0.8895606700340175,0,2,3,成长型
855,57,0.6249049643686074,0,4,3,成长型
856,52,0.9032680095772818,0,1,1,稳健型
857,43,0.9448933373677252,0,3,3,成长型
858,34,0.4112244288277645,2,0,2,平衡型
859,49,0.5633334419024908,1,3,4,进取型
860,61,0.542069787295793,2,4,2,平衡型
861,36,0.7117259766077293,0,1,1,稳健型
862,24,0.44717321916827285,0,2,1,稳健型
863,48,0.6022736778288609,0,2,1,稳健型
864,23,0.1503790794523739,0,0,1,稳健型
865,29,0.630490351820762,1,2,0,保守型
866,36,0.595802628689661,0,1,1,稳健型
867,29,0.6426287176160064,0,4,3,成长型
868,36,0.272572748526283,1,4,4,进取型
869,39,0.8504849982429851,0,3,3,成长型
870,43,0.6223222419154306,2,2,2,平衡型
871,24,0.6423523159051524,0,3,3,成长型
872,53,0.3214976961872132,1,1,0,保守型
873,25,0.49332487820175014,0,1,1,稳健型
874,21,0.43775649993585297,2,2,2,平衡型
875,32,0.8083479989885286,0,4,3,成长型
876,62,0.21065677002383332,1,3,4,进取型
877,62,0.5733502965828152,0,2,1,稳健型
878,67,0.34030499018643584,1,3,4,进取型
879,30,0.44895894652300244,0,1,1,稳健型
880,66,0.42184705564586394,0,3,3,成长型
881,42,0.3357996712828197,2,1,2,平衡型
882,35,0.17507770701644576,2,1,2,平衡型
883,50,0.6606597710759335,0,2,3,成长型
884,30,0.27996937164820074,1,2,0,保守型
885,35,0.57944996816391,0,2,1,稳健型
886,27,0.561941815967076,1,2,0,保守型
887,23,0.3303922783460508,1,2,0,保守型
888,59,0.18539611964030417,0,3,3,成长型
889,23,0.6536743147658038,2,4,2,平衡型
890,44,0.501419714459208,1,1,0,保守型
891,22,0.4362971076531005,0,5,3,成长型
892,51,0.2957574468079187,1,2,0,保守型
893,22,0.6051556215917577,0,3,3,成长型
894,46,0.7229484639693596,1,2,0,保守型
895,48,0.01929637548890152,1,1,0,保守型
896,51,0.25315489590160145,0,0,1,稳健型
897,69,0.47176593732791866,1,3,4,进取型
898,38,0.5561061186456326,1,2,0,保守型
899,40,0.6558087237660033,1,3,4,进取型
900,24,0.49623990596970985,0,2,1,稳健型
901,37,0.8149712856037516,0,1,1,稳健型
902,47,0.6758028187334877,1,1,0,保守型
903,61,0.5410126764457261,0,3,3,成长型
904,41,0.509265431071567,0,1,1,稳健型
905,40,0.8182345595808426,1,3,4,进取型
906,25,0.4363806774209955,0,1,1,稳健型
907,20,0.6039310980325279,1,3,4,进取型
908,24,0.09767760928158205,1,0,0,保守型
909,60,0.05334535025537297,1,1,0,保守型
910,31,0.6586486462028845,0,2,3,成长型
911,45,0.3806421354165842,0,2,1,稳健型
912,65,0.8306621170900121,0,1,1,稳健型
913,53,0.10933524806488101,1,4,4,进取型
914,68,0.4042744882075025,0,1,1,稳健型
915,33,0.7482751673821573,2,1,2,平衡型
916,45,0.11793620798445544,1,1,0,保守型
917,64,0.7174061777011168,2,1,2,平衡型
918,46,0.149991104469975,0,2,1,稳健型
919,28,0.6834903247129304,0,1,1,稳健型
920,45,0.16550252972244295,2,3,2,平衡型
921,66,0.653332468034182,0,1,1,稳健型
922,41,0.6262934021578989,0,3,3,成长型
923,66,0.45994219217896426,0,1,1,稳健型
924,49,0.3020952836615755,2,1,2,平衡型
925,62,0.5662813324311824,1,0,0,保守型
926,67,0.7764258839556738,1,3,4,进取型
927,36,0.490520722835148,1,2,0,保守型
928,45,0.5045388777932452,0,3,3,成长型
929,55,0.6474877237900396,1,2,0,保守型
930,20,0.47436211172062204,0,3,3,成长型
931,27,0.563685264141512,1,2,0,保守型
932,68,0.4309742435984031,0,0,1,稳健型
933,54,0.8307365230537673,0,1,1,稳健型
934,34,0.829269058853879,1,2,0,保守型
935,66,0.857807413133966,0,2,3,成长型
936,41,0.7745590526231677,1,0,0,保守型
937,33,0.6368451284130062,0,3,3,成长型
938,45,0.3996268647027368,0,2,1,稳健型
939,47,0.3437651037372463,0,2,1,稳健型
940,42,0.8691583074300484,1,1,0,保守型
941,33,0.30783319449870095,0,2,1,稳健型
942,43,0.7749341617216646,1,0,0,保守型
943,21,0.6742584134667172,0,0,1,稳健型
944,64,0.718134415014291,0,3,3,成长型
945,45,0.48072468132922763,0,1,1,稳健型
946,33,0.6172475937564592,2,1,2,平衡型
947,26,0.4288914862481333,1,1,0,保守型
948,22,0.4692203102254423,0,1,1,稳健型
949,66,0.6625240130274118,1,0,0,保守型
950,42,0.3378976266042072,1,1,0,保守型
951,65,0.5058082910779733,0,2,1,稳健型
952,62,0.528603434762186,1,2,0,保守型
953,66,0.6186821350424881,0,5,3,成长型
954,64,0.4237526531809088,1,1,0,保守型
955,37,0.459188827437492,1,1,0,保守型
956,57,0.14329016407475167,0,2,1,稳健型
957,54,0.28040691811367957,0,0,1,稳健型
958,34,0.882340304484427,2,4,2,平衡型
959,44,0.4197052227420006,1,2,0,保守型
960,56,0.6882242661305787,1,0,0,保守型
961,47,0.1199397425546474,0,3,3,成长型
962,29,0.49759786978289694,0,0,1,稳健型
963,58,0.6423491328243445,0,5,3,成长型
964,36,0.684104240477381,0,4,3,成长型
965,58,0.24446225444561515,1,2,0,保守型
966,41,0.2884459744954226,2,0,2,平衡型
967,45,0.5436445491237604,1,1,0,保守型
968,63,0.5362351320046591,0,1,1,稳健型
969,44,0.2712373175859985,1,1,0,保守型
970,36,0.23599847054513065,2,2,2,平衡型
971,32,0.6910815169139356,1,4,4,进取型
972,39,0.6089395961189369,1,1,0,保守型
973,44,0.8657913284742649,2,2,2,平衡型
974,23,0.10068541055610379,1,2,0,保守型
975,29,0.4726995044199423,0,4,3,成长型
976,22,0.25245963286052125,0,0,1,稳健型
977,60,0.7344857502426917,2,1,2,平衡型
978,64,0.481293355798304,0,3,3,成长型
979,37,0.2917179907596194,0,3,3,成长型
980,66,0.3902100241005403,0,4,3,成长型
981,55,0.44568807180465936,1,3,4,进取型
982,66,0.6767197167236458,2,1,2,平衡型
983,41,0.2584891239374095,0,2,1,稳健型
984,53,0.6434035700780387,1,0,0,保守型
985,66,0.8137060969811215,2,2,2,平衡型
986,27,0.7600753193867632,0,2,3,成长型
987,59,0.39089193325634003,0,2,1,稳健型
988,68,0.3437426891510138,2,4,2,平衡型
989,63,0.3908155232843896,0,2,1,稳健型
990,38,0.6672407023168729,1,1,0,保守型
991,61,0.20523898218308007,1,0,0,保守型
992,60,0.7477553683026666,0,4,3,成长型
993,56,0.22812017916185143,2,0,2,平衡型
994,25,0.7429481694641937,0,0,1,稳健型
995,45,0.5889942464459379,0,1,1,稳健型
996,53,0.36713964457837245,0,2,1,稳健型
997,64,0.2695025125434714,0,0,1,稳健型
998,25,0.6781129089140576,1,4,4,进取型
999,56,0.23618944281160423,1,5,4,进取型
1000,52,0.7632463957106,2,5,2,平衡型
1001,41,0.330224786439917,0,0,1,稳健型
1002,40,0.7272968599758736,1,4,4,进取型
1003,25,0.5006802004374251,1,5,4,进取型
1004,25,0.6215381889311486,1,4,4,进取型
1005,67,0.3277805856550065,1,2,0,保守型
1006,23,0.46952894910365484,0,3,3,成长型
1007,49,0.2848624118811287,0,0,1,稳健型
1008,30,0.23187212939442575,0,4,3,成长型
1009,49,0.5522879209862268,1,0,0,保守型
1010,50,0.8250873010928893,2,1,2,平衡型
1011,43,0.5307898374091359,0,5,3,成长型
1012,28,0.7379867272498066,0,1,1,稳健型
1013,22,0.426729578447554,0,0,1,稳健型
1014,50,0.4782597593223767,1,5,4,进取型
1015,59,0.3118816259263082,0,5,3,成长型
1016,56,0.22373526781191144,0,0,1,稳健型
1017,55,0.6873593009536215,0,4,3,成长型
1018,43,0.6558774855259883,1,1,0,保守型
1019,50,0.5094388945800867,1,1,0,保守型
1020,25,0.5976121329497261,1,1,0,保守型
1021,21,0.4281685382456881,0,0,1,稳健型
1022,39,0.7939886128039846,0,1,1,稳健型
1023,47,0.6372162717526183,0,0,1,稳健型
1024,30,0.8066894940732258,0,4,3,成长型
1025,23,0.3133742342718337,0,2,1,稳健型
1026,34,0.6667224932880904,0,4,3,成长型
1027,25,0.29879380693630053,1,3,4,进取型
1028,68,0.3371600257818555,0,0,1,稳健型
1029,49,0.6025924367059371,0,4,3,成长型
1030,57,0.8000675289307918,2,4,2,平衡型
1031,21,0.5543163427382319,1,1,0,保守型
1032,34,0.44159610361181884,1,0,0,保守型
1033,30,0.39948330465281773,1,3,4,进取型
1034,27,0.13468746188506214,0,3,3,成长型
1035,45,0.3926317793513621,1,4,4,进取型
1036,64,0.21955554905261396,1,0,0,保守型
1037,63,0.5608298174389704,0,0,1,稳健型
1038,24,0.4703301676915917,0,2,1,稳健型
1039,25,0.17409395555775609,0,2,1,稳健型
1040,45,0.3509251485589145,0,0,1,稳健型
1041,23,0.2777863635126524,0,1,1,稳健型
1042,38,0.7424066276500223,0,2,3,成长型
1043,39,0.3239506792793245,0,3,3,成长型
1044,52,0.5967545986327383,0,1,1,稳健型
1045,39,0.5275249235384137,0,2,1,稳健型
1046,68,0.32839250787308794,0,3,3,成长型
1047,31,0.3306945966204205,0,5,3,成长型
1048,66,0.5606827457072947,1,1,0,保守型
1049,20,0.22414441288217765,0,1,1,稳健型
1050,45,0.2011696891662727,2,4,2,平衡型
1051,33,0.20354986291406138,1,1,0,保守型
1052,57,0.5389597865360325,1,3,4,进取型
1053,56,0.8258368427274332,1,2,0,保守型
1054,30,0.17329712786987625,0,1,1,稳健型
1055,55,0.36821705034996827,0,2,1,稳健型
1056,32,0.07359369009139166,2,2,2,平衡型
1057,62,0.3970668144489727,0,2,1,稳健型
1058,22,0.501360675660861,2,0,2,平衡型
1059,52,0.2454276678008706,1,5,4,进取型
1060,25,0.43300825897402523,0,1,1,稳健型
1061,69,0.13320774180103223,0,2,1,稳健型
1062,29,0.117396427648027,1,4,4,进取型
1063,24,0.44182864397214683,0,1,1,稳健型
1064,42,0.545327797596274,0,3,3,成长型
1065,29,0.6681199562049044,1,5,4,进取型
1066,63,0.9308069930421343,1,1,0,保守型
1067,21,0.7168063553727433,0,1,1,稳健型
1068,32,0.20428706756372947,0,4,3,成长型
1069,59,0.6291232026258458,2,0,2,平衡型
1070,21,0.41586325777157795,1,0,0,保守型
1071,39,0.4723145057831974,1,4,4,进取型
1072,20,0.3876589477738244,2,3,2,平衡型
1073,56,0.3113362340947446,0,5,3,成长型
1074,28,0.04051834141707535,0,0,1,稳健型
1075,36,0.451746488460835,1,0,0,保守型
1076,28,0.4778049787271755,1,0,0,保守型
1077,30,0.7318238549587005,0,2,3,成长型
1078,34,0.8760494737426627,0,2,3,成长型
1079,43,0.515662685843575,1,1,0,保守型
1080,57,0.6316049134522473,0,0,1,稳健型
1081,54,0.6850246072921569,2,2,2,平衡型
1082,49,0.7201763997773278,0,2,3,成长型
1083,50,0.3924378509197222,0,0,1,稳健型
1084,68,0.7396325194313558,0,4,3,成长型
1085,24,0.9373021546110646,1,0,0,保守型
1086,63,0.7797901022829175,2,3,2,平衡型
1087,69,0.42671064856693264,1,4,4,进取型
1088,33,0.4330620688234396,2,2,2,平衡型
1089,30,0.6932283634374236,0,1,1,稳健型
1090,28,0.07184546752194722,0,1,1,稳健型
1091,53,0.3486144382849618,1,4,4,进取型
1092,31,0.31944121891220345,2,1,2,平衡型
1093,54,0.45697199765580887,1,3,4,进取型
1094,54,0.6156417348369876,1,5,4,进取型
1095,20,0.13066355023736362,0,5,3,成长型
1096,59,0.6106946416547367,0,2,1,稳健型
1097,41,0.18803893032561061,2,3,2,平衡型
1098,48,0.728172673000877,0,5,3,成长型
1099,27,0.7677788943075156,0,1,1,稳健型
1100,30,0.2557001074757709,1,1,0,保守型
1101,60,0.263611213760174,0,0,1,稳健型
1102,56,0.24493867286349036,1,0,0,保守型
1103,33,0.2816405526719025,0,4,3,成长型
1104,49,0.6805724575394848,1,2,0,保守型
1105,54,0.2537463232044197,1,4,4,进取型
1106,40,0.8101471825141758,1,3,4,进取型
1107,56,0.490999277086215,0,2,1,稳健型
1108,24,0.48000054373652984,0,2,1,稳健型
1109,38,0.9217866538125622,0,0,1,稳健型
1110,33,0.7857574179732589,0,4,3,成长型
1111,45,0.20015801428787833,1,1,0,保守型
1112,23,0.5642546590493203,0,2,1,稳健型
1113,44,0.44809829624631237,0,0,1,稳健型
1114,64,0.5014076163345128,0,4,3,成长型
1115,61,0.773935141949275,1,4,4,进取型
1116,44,0.5957922464475532,0,2,1,稳健型
1117,37,0.5092496824368762,2,2,2,平衡型
1118,59,0.4262371909487329,1,3,4,进取型
1119,27,0.6337520678145009,1,1,0,保守型
1120,58,0.09285140457021848,1,1,0,保守型
1121,59,0.48324613027377356,0,2,1,稳健型
1122,33,0.5864000228982154,1,0,0,保守型
1123,51,0.2879118045100486,1,2,0,保守型
1124,57,0.4622307968853939,2,2,2,平衡型
1125,52,0.2776270835949219,2,1,2,平衡型
1126,42,0.3759807776286013,0,0,1,稳健型
1127,34,0.7724627383840142,0,1,1,稳健型
1128,52,0.5534594366792872,1,1,0,保守型
1129,44,0.39034739525626855,1,2,0,保守型
1130,36,0.4006067034737635,0,2,1,稳健型
1131,52,0.5325286598940835,0,5,3,成长型
1132,66,0.6103725165442185,0,0,1,稳健型
1133,21,0.6196410124055034,1,4,4,进取型
1134,33,0.5951272467680259,2,1,2,平衡型
1135,59,0.48890706674334344,1,2,0,保守型
1136,59,0.8004032593824201,0,2,3,成长型
1137,58,0.663591555248425,0,2,3,成长型
1138,25,0.06770180058491788,0,3,3,成长型
1139,25,0.20294987446779264,0,1,1,稳健型
1140,22,0.2584814934142781,1,1,0,保守型
1141,26,0.8016316412733774,0,4,3,成长型
1142,27,0.8013292507782734,1,1,0,保守型
1143,61,0.2795951399022055,2,0,2,平衡型
1144,34,0.9048887677077778,2,0,2,平衡型
1145,66,0.49764139384642053,0,1,1,稳健型
1146,48,0.2837823175392723,0,2,1,稳健型
1147,52,0.32588286929296106,0,2,1,稳健型
1148,49,0.8210424618179462,1,1,0,保守型
1149,58,0.27720365479447595,2,0,2,平衡型
1150,46,0.6145897613308379,0,3,3,成长型
1151,55,0.0627878826059681,0,3,3,成长型
1152,48,0.7436325845288639,2,5,2,平衡型
1153,57,0.5783060890176449,1,4,4,进取型
1154,52,0.3269717360828435,2,4,2,平衡型
1155,56,0.6436126266027195,0,3,3,成长型
1156,46,0.8662027959417075,0,2,3,成长型
1157,52,0.3395472414854465,0,0,1,稳健型
1158,23,0.2376774960440071,0,2,1,稳健型
1159,41,0.7456820671964839,1,0,0,保守型
1160,21,0.25596135831942,0,4,3,成长型
1161,29,0.3192695448050316,0,2,1,稳健型
1162,24,0.7762209051602406,2,2,2,平衡型
1163,29,0.35422744591765937,0,0,1,稳健型
1164,52,0.5881627792832181,1,2,0,保守型
1165,57,0.5883268965940703,0,1,1,稳健型
1166,32,0.4700995256586768,1,1,0,保守型
1167,50,0.03161746331077082,0,1,1,稳健型
1168,66,0.7176367363035068,1,0,0,保守型
1169,55,0.50039389634256,0,2,1,稳健型
1170,64,0.9193980335062105,0,2,3,成长型
1171,43,0.7214269413298229,1,4,4,进取型
1172,34,0.48021952852679256,0,1,1,稳健型
1173,48,0.016890509853059156,0,1,1,稳健型
1174,27,0.1856657924573522,2,5,2,平衡型
1175,24,0.6579530988508322,2,2,2,平衡型
1176,48,0.30050075017542854,0,2,1,稳健型
1177,66,0.30516375278522184,0,2,1,稳健型
1178,23,0.292771496607216,0,3,3,成长型
1179,31,0.5962557116157088,0,1,1,稳健型
1180,64,0.4053958506051992,2,1,2,平衡型
1181,21,0.42783739302154117,1,3,4,进取型
1182,46,0.1968106709090102,0,0,1,稳健型
1183,50,0.8646419269822325,2,4,2,平衡型
1184,55,0.27040353827121527,1,1,0,保守型
1185,55,0.6214249625052485,1,2,0,保守型
1186,45,0.8475049530258096,0,3,3,成长型
1187,62,0.9345659692295663,0,1,1,稳健型
1188,46,0.6695925896457838,1,4,4,进取型
1189,24,0.1490543522654548,0,5,3,成长型
1190,39,0.5910490867685707,0,2,1,稳健型
1191,30,0.8295309028216241,0,4,3,成长型
1192,29,0.3713122345742282,0,0,1,稳健型
1193,59,0.473326219711989,1,4,4,进取型
1194,57,0.38054397595679046,1,1,0,保守型
1195,25,0.8239728507705756,0,1,1,稳健型
1196,27,0.5763075229115893,0,1,1,稳健型
1197,42,0.8723286842044281,1,1,0,保守型
1198,66,0.11196395674700417,0,1,1,稳健型
1199,45,0.15031369652129048,1,4,4,进取型
1200,65,0.735573345636779,1,4,4,进取型
1201,62,0.5051058965964484,0,0,1,稳健型
1202,31,0.24825228882259112,1,0,0,保守型
1203,45,0.6209868279757988,1,4,4,进取型
1204,32,0.803772982559996,0,1,1,稳健型
1205,59,0.8217697093889864,0,0,1,稳健型
1206,37,0.11497984020758278,2,2,2,平衡型
1207,44,0.4324045306528304,0,1,1,稳健型
1208,52,0.06342129863082775,1,1,0,保守型
1209,66,0.2277168487760963,1,3,4,进取型
1210,59,0.36638306666159254,0,2,1,稳健型
1211,62,0.581505227420726,0,0,1,稳健型
1212,31,0.31510800927334986,0,4,3,成长型
1213,63,0.7080350498745207,0,2,3,成长型
1214,55,0.5700629198033474,1,1,0,保守型
1215,67,0.4134615544748517,2,1,2,平衡型
1216,23,0.5403362895682424,1,0,0,保守型
1217,24,0.8016434355977883,0,1,1,稳健型
1218,56,0.24828900090799286,2,0,2,平衡型
1219,27,0.4913870229828397,1,1,0,保守型
1220,61,0.696779926303091,2,0,2,平衡型
1221,68,0.6535785982160126,0,2,1,稳健型
1222,47,0.5644040159083208,1,3,4,进取型
1223,50,0.37124029953338095,1,2,0,保守型
1224,28,0.4051772519634506,0,2,1,稳健型
1225,48,0.6109742048063829,2,4,2,平衡型
1226,33,0.8483727839675811,0,2,3,成长型
1227,59,0.33917029854505665,0,1,1,稳健型
1228,60,0.5944291344420711,2,1,2,平衡型
1229,41,0.421176482100652,0,4,3,成长型
1230,30,0.748926488766893,2,0,2,平衡型
1231,42,0.685968506680141,1,1,0,保守型
1232,20,0.7275713816726159,0,2,3,成长型
1233,65,0.24813022593485468,0,2,1,稳健型
1234,56,0.8138332848225485,1,3,4,进取型
1235,40,0.11616021010799628,1,1,0,保守型
1236,45,0.37565350753979776,2,0,2,平衡型
1237,65,0.16572382864304047,2,5,2,平衡型
1238,55,0.6112172448675949,0,0,1,稳健型
1239,42,0.3910295820681034,0,0,1,稳健型
1240,20,0.4430490021007154,2,2,2,平衡型
1241,59,0.3928036552333887,1,3,4,进取型
1242,34,0.2567089359620983,0,3,3,成长型
1243,40,0.30981257739236784,1,4,4,进取型
1244,66,0.645907785442736,2,0,2,平衡型
1245,28,0.7051870660189792,1,1,0,保守型
1246,28,0.16778026452923805,0,1,1,稳健型
1247,29,0.9582143088000489,1,4,4,进取型
1248,45,0.8894277038230692,1,2,0,保守型
1249,60,0.30412520820489936,2,0,2,平衡型
1250,54,0.460589357723332,2,3,2,平衡型
1251,44,0.16155309131491535,1,1,0,保守型
1252,45,0.11499340874248493,1,2,0,保守型
1253,30,0.7583331284712386,2,4,2,平衡型
1254,57,0.5176774333494794,0,1,1,稳健型
1255,21,0.8830449134572208,0,1,1,稳健型
1256,26,0.48647541147758677,2,1,2,平衡型
1257,37,0.21874403161538358,0,1,1,稳健型
1258,46,0.3074792527777434,0,0,1,稳健型
1259,53,0.35050890570695464,0,2,1,稳健型
1260,46,0.6539882668824898,0,1,1,稳健型
1261,36,0.3745663122874784,0,4,3,成长型
1262,62,0.5191357447427843,0,1,1,稳健型
1263,63,0.3651823825688713,2,1,2,平衡型
1264,43,0.33803437746759246,1,1,0,保守型
1265,44,0.16233910170459892,1,3,4,进取型
1266,26,0.20365943847239587,0,1,1,稳健型
1267,25,0.8146054746180964,1,3,4,进取型
1268,43,0.42685634109536963,1,3,4,进取型
1269,52,0.49370628631303776,1,4,4,进取型
1270,68,0.772905356142334,0,3,3,成长型
1271,48,0.8024331290976745,0,0,1,稳健型
1272,62,0.12799644700945653,1,3,4,进取型
1273,41,0.3923317695793575,1,4,4,进取型
1274,45,0.47343534501080803,1,5,4,进取型
1275,47,0.43958624344395086,1,0,0,保守型
1276,69,0.3243027363862406,0,2,1,稳健型
1277,40,0.07989027228757495,1,0,0,保守型
1278,68,0.5320497433274012,0,1,1,稳健型
1279,26,0.5312684557619898,1,3,4,进取型
1280,36,0.35961158082899825,2,5,2,平衡型
1281,39,0.209433188042067,1,2,0,保守型
1282,60,0.6313217798392161,0,4,3,成长型
1283,68,0.6197061404303851,0,0,1,稳健型
1284,39,0.33688070581557106,1,0,0,保守型
1285,41,0.2620677342820429,2,2,2,平衡型
1286,47,0.08586384729181233,1,1,0,保守型
1287,59,0.5863040632863937,1,4,4,进取型
1288,68,0.7586185636346194,0,1,1,稳健型
1289,26,0.41172632574936446,1,1,0,保守型
1290,20,0.6798585675923885,1,2,0,保守型
1291,51,0.6518911574769362,2,1,2,平衡型
1292,32,0.3422670439978875,0,4,3,成长型
1293,49,0.5858970354229827,1,2,0,保守型
1294,42,0.6784728279230936,0,1,1,稳健型
1295,38,0.9051851186076675,1,3,4,进取型
1296,51,0.6734990850156168,1,1,0,保守型
1297,49,0.6951862548481779,0,3,3,成长型
1298,48,0.6415987215132041,0,0,1,稳健型
1299,68,0.4491219937366637,1,0,0,保守型
1300,64,0.14893821891350456,1,5,4,进取型
1301,48,0.6016194123945403,0,3,3,成长型
1302,49,0.16319013627545936,0,1,1,稳健型
1303,35,0.274660176095019,1,2,0,保守型
1304,59,0.6332257246925991,2,4,2,平衡型
1305,38,0.6104171595595255,0,1,1,稳健型
1306,37,0.8454185194459974,1,0,0,保守型
1307,20,0.4005455205742807,0,2,1,稳健型
1308,33,0.9426143383710694,0,0,1,稳健型
1309,66,0.6801699993861866,0,0,1,稳健型
1310,69,0.23152202192721438,2,4,2,平衡型
1311,21,0.6394196534203409,0,0,1,稳健型
1312,47,0.47918578175140486,1,3,4,进取型
1313,68,0.15471643350496558,0,2,1,稳健型
1314,69,0.9090530342864331,2,2,2,平衡型
1315,49,0.5955562258862716,1,2,0,保守型
1316,57,0.0920966983156322,1,1,0,保守型
1317,23,0.2127423895803192,2,0,2,平衡型
1318,20,0.5640261363181972,1,0,0,保守型
1319,27,0.7302931200461718,1,3,4,进取型
1320,48,0.24199007025002067,0,1,1,稳健型
1321,58,0.44727019639642296,0,0,1,稳健型
1322,22,0.7466973407863595,1,5,4,进取型
1323,51,0.23183917631498768,0,5,3,成长型
1324,29,0.5200996471931926,0,1,1,稳健型
1325,29,0.3328262428811187,1,0,0,保守型
1326,38,0.21534540274021377,0,3,3,成长型
1327,65,0.3822953300744353,1,3,4,进取型
1328,53,0.646892493350424,0,0,1,稳健型
1329,52,0.15679271774566747,2,0,2,平衡型
1330,42,0.5746668691955581,2,3,2,平衡型
1331,47,0.7568048116328538,2,4,2,平衡型
1332,51,0.5153593206401551,0,3,3,成长型
1333,69,0.6595069244243693,1,1,0,保守型
1334,26,0.4389198329309365,2,1,2,平衡型
1335,48,0.8319601719578598,2,2,2,平衡型
1336,27,0.38086001311545103,1,0,0,保守型
1337,20,0.7659234136030278,0,1,1,稳健型
1338,22,0.6540581206716545,1,1,0,保守型
1339,43,0.8171793037720826,1,2,0,保守型
1340,42,0.0956109020655005,0,2,1,稳健型
1341,27,0.21294476946660026,1,3,4,进取型
1342,66,0.46751448934670564,1,3,4,进取型
1343,56,0.22884070156493388,1,4,4,进取型
1344,22,0.723019671713333,0,3,3,成长型
1345,52,0.6764034797661695,1,1,0,保守型
1346,47,0.4782855094212685,2,1,2,平衡型
1347,66,0.39236854771056867,1,2,0,保守型
1348,27,0.2814792832696343,1,0,0,保守型
1349,53,0.3300938146429128,1,4,4,进取型
1350,54,0.1521957071191662,1,0,0,保守型
1351,51,0.5717526982423107,1,1,0,保守型
1352,43,0.3491471615087245,0,2,1,稳健型
1353,33,0.3640186419860097,0,2,1,稳健型
1354,51,0.16004884433787245,0,2,1,稳健型
1355,65,0.3649696376756132,0,2,1,稳健型
1356,62,0.8399025487675659,0,1,1,稳健型
1357,35,0.061988993475060296,0,1,1,稳健型
1358,23,0.09163913532030801,2,4,2,平衡型
1359,56,0.49486622563927557,0,1,1,稳健型
1360,40,0.1782171434918188,0,1,1,稳健型
1361,33,0.6476167510072954,0,1,1,稳健型
1362,50,0.521359260267711,1,0,0,保守型
1363,67,0.6752860433777831,0,2,3,成长型
1364,37,0.5964068728437236,0,2,1,稳健型
1365,26,0.32343732688507154,0,3,3,成长型
1366,29,0.12947838773213272,1,3,4,进取型
1367,26,0.7291768701584346,2,0,2,平衡型
1368,52,0.6343531937692896,2,2,2,平衡型
1369,42,0.3549486366376645,0,0,1,稳健型
1370,40,0.7124816231053955,1,0,0,保守型
1371,38,0.658202069110354,1,1,0,保守型
1372,67,0.6736442474678076,0,1,1,稳健型
1373,38,0.541920466340596,0,2,1,稳健型
1374,55,0.4760929101795694,0,3,3,成长型
1375,48,0.7932392075261614,1,4,4,进取型
1376,37,0.6257105907996463,0,3,3,成长型
1377,21,0.5776664375998112,0,0,1,稳健型
1378,20,0.6854287825392632,0,1,1,稳健型
1379,66,0.7884993413304793,1,1,0,保守型
1380,24,0.2971977256727544,1,1,0,保守型
1381,39,0.7070282228806763,1,0,0,保守型
1382,30,0.8224565706732162,1,0,0,保守型
1383,61,0.6778893297298052,1,2,0,保守型
1384,21,0.5422666429605669,0,3,3,成长型
1385,22,0.8038309550707947,0,3,3,成长型
1386,42,0.26787664468309075,2,2,2,平衡型
1387,31,0.3004699796564647,2,2,2,平衡型
1388,39,0.8353235283222836,1,2,0,保守型
1389,24,0.3740267845685334,0,2,1,稳健型
1390,56,0.7371747619680508,0,0,1,稳健型
1391,57,0.2673282673600341,0,3,3,成长型
1392,49,0.8162230239754081,2,2,2,平衡型
1393,28,0.7424515609523474,1,0,0,保守型
1394,53,0.6789743057944713,2,0,2,平衡型
1395,63,0.5028720026847161,1,0,0,保守型
1396,54,0.8241037958662736,0,2,3,成长型
1397,41,0.6209029747406005,0,3,3,成长型
1398,63,0.2562767263668504,0,1,1,稳健型
1399,43,0.8654153698848398,1,1,0,保守型
1400,36,0.7830900211511945,0,4,3,成长型
1401,29,0.32707781457942786,1,1,0,保守型
1402,49,0.6380612849547713,1,0,0,保守型
1403,65,0.4509248478927935,0,1,1,稳健型
1404,42,0.682028162603547,0,3,3,成长型
1405,51,0.7087899055588214,0,2,3,成长型
1406,36,0.05650547873529681,1,1,0,保守型
1407,69,0.11637236000182546,0,5,3,成长型
1408,36,0.1181040671118968,0,3,3,成长型
1409,33,0.2963223842702623,2,0,2,平衡型
1410,28,0.7894392354722307,1,3,4,进取型
1411,59,0.2016248156712482,1,0,0,保守型
1412,21,0.6955205951979069,1,2,0,保守型
1413,64,0.9699146195755936,1,1,0,保守型
1414,44,0.2719605938820376,1,2,0,保守型
1415,58,0.6240508568368871,0,1,1,稳健型
1416,28,0.5916839095460509,0,4,3,成长型
1417,41,0.312566578161204,1,1,0,保守型
1418,62,0.9343661164205708,1,2,0,保守型
1419,65,0.6753319050962585,1,1,0,保守型
1420,23,0.366129516153009,2,4,2,平衡型
1421,45,0.8806475845845574,2,3,2,平衡型
1422,48,0.5092084562478034,0,1,1,稳健型
1423,64,0.28016064792803735,0,4,3,成长型
1424,53,0.16610170653967532,0,1,1,稳健型
1425,42,0.32278181853112514,1,2,0,保守型
1426,56,0.423014558115666,0,3,3,成长型
1427,30,0.36156565296758514,0,0,1,稳健型
1428,25,0.37577763555723503,0,5,3,成长型
1429,37,0.2731383113866775,0,1,1,稳健型
1430,40,0.4266755158678556,0,0,1,稳健型
1431,61,0.7490111516728177,0,4,3,成长型
1432,55,0.5639959569456094,1,3,4,进取型
1433,60,0.4255204718169571,0,0,1,稳健型
1434,57,0.5208785972473988,0,0,1,稳健型
1435,53,0.8421374592406246,1,3,4,进取型
1436,36,0.20787158313145487,1,0,0,保守型
1437,56,0.8495199293484623,0,4,3,成长型
1438,44,0.5430489924246255,0,3,3,成长型
1439,57,0.48209167405315634,1,1,0,保守型
1440,31,0.2160221555341553,0,1,1,稳健型
1441,42,0.7687108497493786,0,2,3,成长型
1442,61,0.47749430487785466,0,1,1,稳健型
1443,41,0.474018465773325,0,3,3,成长型
1444,40,0.8070466319747512,1,5,4,进取型
1445,46,0.49620275441687867,2,2,2,平衡型
1446,50,0.5435112620799935,1,1,0,保守型
1447,25,0.5268257084468175,1,1,0,保守型
1448,46,0.3985997511178892,0,2,1,稳健型
1449,59,0.7645475887935497,1,2,0,保守型
1450,53,0.5556108608628295,0,2,1,稳健型
1451,31,0.43361608722594774,0,0,1,稳健型
1452,64,0.07776091513862132,1,4,4,进取型
1453,26,0.7804690331290297,2,1,2,平衡型
1454,29,0.39839552279767404,0,3,3,成长型
1455,64,0.8845895265199011,1,3,4,进取型
1456,36,0.6529224186135094,0,2,1,稳健型
1457,45,0.7188784671267641,0,1,1,稳健型
1458,40,0.37551527707763227,0,2,1,稳健型
1459,47,0.7030475781315649,1,0,0,保守型
1460,65,0.7163721237904713,1,3,4,进取型
1461,21,0.5304005496601729,1,0,0,保守型
1462,62,0.29731005079101,0,1,1,稳健型
1463,20,0.19878588596872107,0,0,1,稳健型
1464,55,0.32028816372693714,1,3,4,进取型
1465,45,0.28855558597529335,0,2,1,稳健型
1466,48,0.06825223403416163,0,2,1,稳健型
1467,40,0.1846419839306207,2,2,2,平衡型
1468,30,0.5068781371965163,1,3,4,进取型
1469,59,0.24658604040665666,0,0,1,稳健型
1470,30,0.8084517899959673,0,2,3,成长型
1471,55,0.4832619433726986,0,2,1,稳健型
1472,68,0.2657332094584537,1,0,0,保守型
1473,58,0.630222372112925,1,1,0,保守型
1474,59,0.8231757746852872,1,1,0,保守型
1475,54,0.7228659468669839,0,0,1,稳健型
1476,53,0.43369290514888476,0,1,1,稳健型
1477,66,0.19978616760134857,2,0,2,平衡型
1478,43,0.24976349284966615,2,2,2,平衡型
1479,41,0.9213532745063064,1,1,0,保守型
1480,24,0.2757865036881454,0,1,1,稳健型
1481,52,0.8160072020348283,1,4,4,进取型
1482,55,0.3603952991183487,2,2,2,平衡型
1483,66,0.6606618147850046,1,1,0,保守型
1484,39,0.7250868921805209,1,2,0,保守型
1485,38,0.5475083891007133,0,1,1,稳健型
1486,54,0.7505806340044995,0,0,1,稳健型
1487,62,0.6669766599495174,0,0,1,稳健型
1488,36,0.583106238418911,2,5,2,平衡型
1489,64,0.36474177183575757,1,3,4,进取型
1490,62,0.21507194844634386,1,3,4,进取型
1491,53,0.18257243630271694,0,5,3,成长型
1492,28,0.14498473304511544,2,4,2,平衡型
1493,45,0.6573336917097287,1,3,4,进取型
1494,21,0.3157034515764743,0,2,1,稳健型
1495,28,0.5639921013144831,2,1,2,平衡型
1496,28,0.5325930133360466,0,0,1,稳健型
1497,59,0.6878578885835922,0,2,3,成长型
1498,36,0.20621106726924976,0,2,1,稳健型
1499,20,0.3774965841104413,2,5,2,平衡型
1500,44,0.2489239119922082,2,1,2,平衡型
1501,62,0.44247269007955464,0,2,1,稳健型
1502,59,0.5151962855420921,1,2,0,保守型
1503,61,0.5375425426968564,1,0,0,保守型
1504,44,0.383624316291148,1,2,0,保守型
1505,58,0.5284485752175249,0,2,1,稳健型
1506,54,0.9098205874557912,1,2,0,保守型
1507,22,0.28525199641311333,1,2,0,保守型
1508,69,0.22488326616848525,0,0,1,稳健型
1509,56,0.19969409161043464,0,2,1,稳健型
1510,63,0.5386457359951976,1,2,0,保守型
1511,63,0.4345334130022997,0,2,1,稳健型
1512,49,0.7689247885059971,2,2,2,平衡型
1513,57,0.49886508380960287,0,0,1,稳健型
1514,53,0.9950940674928155,2,0,2,平衡型
1515,31,0.49580380430365584,0,1,1,稳健型
1516,38,0.7286211335475018,0,1,1,稳健型
1517,56,0.7128271534414495,0,2,3,成长型
1518,63,0.19558722332260223,1,4,4,进取型
1519,68,0.31909506719508,1,0,0,保守型
1520,36,0.5909341254819638,0,0,1,稳健型
1521,29,0.1802442446345828,0,1,1,稳健型
1522,68,0.6787185427479513,1,1,0,保守型
1523,66,0.3196792281099523,0,2,1,稳健型
1524,31,0.502115236543463,1,3,4,进取型
1525,35,0.26204852707185156,0,3,3,成长型
1526,43,0.44866251281798203,1,0,0,保守型
1527,38,0.367731487467588,1,4,4,进取型
1528,27,0.3050223274611848,2,0,2,平衡型
1529,50,0.8670282473269185,1,2,0,保守型
1530,40,0.9152360214106222,0,2,3,成长型
1531,36,0.668221183497277,0,2,3,成长型
1532,42,0.6130724570193082,1,1,0,保守型
1533,56,0.2659639901663477,1,1,0,保守型
1534,35,0.3696281552584814,2,2,2,平衡型
1535,25,0.7256513504977007,1,0,0,保守型
1536,27,0.5025279440106973,1,0,0,保守型
1537,44,0.5186865335497935,0,2,1,稳健型
1538,37,0.4949242307513171,0,2,1,稳健型
1539,44,0.4018661238087274,0,2,1,稳健型
1540,31,0.5553681081944696,0,0,1,稳健型
1541,34,0.6504255756715885,1,3,4,进取型
1542,45,0.06798719304648915,0,0,1,稳健型
1543,60,0.7119969800085868,0,4,3,成长型
1544,64,0.7161591379312615,0,1,1,稳健型
1545,45,0.24707772299873723,0,2,1,稳健型
1546,66,0.4571746133557744,0,4,3,成长型
1547,51,0.25599587739179924,1,1,0,保守型
1548,29,0.4798789238403743,0,0,1,稳健型
1549,35,0.0997421817457524,1,1,0,保守型
1550,26,0.7451692686983014,1,1,0,保守型
1551,36,0.6931014678793391,2,2,2,平衡型
1552,42,0.32479641716819346,0,1,1,稳健型
1553,45,0.7141939464209631,0,4,3,成长型
1554,40,0.13276821466319041,0,2,1,稳健型
1555,41,0.5538924373449203,0,0,1,稳健型
1556,26,0.31210534369865855,2,3,2,平衡型
1557,33,0.687885501341,1,1,0,保守型
1558,34,0.36258192979948056,1,1,0,保守型
1559,26,0.29395446582949136,0,1,1,稳健型
1560,28,0.03638769375145066,1,2,0,保守型
1561,67,0.6286592908295389,0,1,1,稳健型
1562,27,0.5049358585353516,1,2,0,保守型
1563,69,0.4419394435870019,1,0,0,保守型
1564,42,0.3743162102312848,0,5,3,成长型
1565,48,0.5095674532988104,0,3,3,成长型
1566,37,0.40913275002597266,1,1,0,保守型
1567,50,0.47395420321810416,0,3,3,成长型
1568,49,0.8454160444301976,0,2,3,成长型
1569,58,0.5605051514659228,0,0,1,稳健型
1570,54,0.1136834031848283,0,0,1,稳健型
1571,37,0.26543830881665254,1,0,0,保守型
1572,61,0.8809766233167401,1,3,4,进取型
1573,58,0.5919664860468341,1,2,0,保守型
1574,36,0.37347958464415304,0,1,1,稳健型
1575,33,0.08973635725831978,1,0,0,保守型
1576,50,0.5821814410201385,2,2,2,平衡型
1577,43,0.58808322050898,0,2,1,稳健型
1578,54,0.7465371241093733,0,3,3,成长型
1579,63,0.8281485442815489,2,5,2,平衡型
1580,64,0.6481703103924505,0,1,1,稳健型
1581,53,0.6215616017084394,0,1,1,稳健型
1582,22,0.27036173260594054,0,1,1,稳健型
1583,56,0.36103603754726005,0,3,3,成长型
1584,62,0.49130812863656376,0,0,1,稳健型
1585,59,0.2026577994209507,0,1,1,稳健型
1586,45,0.5054296008245375,1,3,4,进取型
1587,42,0.8368969477317563,0,0,1,稳健型
1588,63,0.1298988138958564,1,1,0,保守型
1589,58,0.8883098221283802,0,2,3,成长型
1590,34,0.28840417378170075,2,0,2,平衡型
1591,68,0.31401194019460965,2,1,2,平衡型
1592,23,0.7816890478168179,1,2,0,保守型
1593,48,0.8254679516898635,2,1,2,平衡型
1594,41,0.7712588657529957,1,0,0,保守型
1595,44,0.5103102994584096,2,4,2,平衡型
1596,32,0.8728689115929451,0,0,1,稳健型
1597,37,0.8512003397344203,0,3,3,成长型
1598,52,0.0387386755077399,1,0,0,保守型
1599,35,0.6233088790125907,0,2,1,稳健型
1600,64,0.361002659703379,1,0,0,保守型
1601,61,0.32208509729930374,2,0,2,平衡型
1602,63,0.6034955511178689,0,0,1,稳健型
1603,21,0.8219519867533277,1,2,0,保守型
1604,54,0.7020493687166744,0,2,3,成长型
1605,61,0.7167731085470757,0,0,1,稳健型
1606,53,0.5753601560761018,1,5,4,进取型
1607,49,0.3226024290258704,0,1,1,稳健型
1608,32,0.3958233700320519,1,2,0,保守型
1609,32,0.4637008108810529,1,1,0,保守型
1610,37,0.35686208261159397,0,2,1,稳健型
1611,51,0.3319987457771957,1,3,4,进取型
1612,51,0.6114643825066018,1,2,0,保守型
1613,54,0.3756019263976525,0,1,1,稳健型
1614,58,0.5079694172228589,0,1,1,稳健型
1615,65,0.4535362677014126,2,3,2,平衡型
1616,48,0.4987262432629994,1,0,0,保守型
1617,68,0.721606616813398,0,1,1,稳健型
1618,48,0.5584430138179179,0,0,1,稳健型
1619,63,0.6776913596937832,1,1,0,保守型
1620,35,0.6921097644290621,1,0,0,保守型
1621,63,0.09011377822903857,0,4,3,成长型
1622,66,0.19945706031005347,1,3,4,进取型
1623,29,0.7602365322926058,0,2,3,成长型
1624,49,0.6008842460527676,1,1,0,保守型
1625,44,0.19488250690034073,0,2,1,稳健型
1626,58,0.6991396041300886,0,2,3,成长型
1627,39,0.23760923669354278,0,2,1,稳健型
1628,24,0.874459382670569,2,0,2,平衡型
1629,20,0.7792875090328597,1,5,4,进取型
1630,49,0.7226070888907311,1,2,0,保守型
1631,68,0.559772036060889,1,4,4,进取型
1632,22,0.5103686380858687,0,0,1,稳健型
1633,64,0.5187436115025625,2,1,2,平衡型
1634,33,0.22053277824507853,0,0,1,稳健型
1635,49,0.633797060924964,1,3,4,进取型
1636,69,0.37493147595729714,0,1,1,稳健型
1637,23,0.8321967028419595,0,3,3,成长型
1638,37,0.4630949077245984,1,3,4,进取型
1639,56,0.39591367872810956,1,2,0,保守型
1640,44,0.6637563380116175,1,2,0,保守型
1641,67,0.6247147872752684,1,3,4,进取型
1642,20,0.4100058595657928,0,2,1,稳健型
1643,65,0.08056173922482353,2,1,2,平衡型
1644,34,0.5147462434412791,0,2,1,稳健型
1645,28,0.30162480037545153,1,4,4,进取型
1646,34,0.40788053168460003,1,1,0,保守型
1647,68,0.3374262274511612,0,4,3,成长型
1648,43,0.21203832591892238,0,0,1,稳健型
1649,23,0.630784418028736,0,1,1,稳健型
1650,31,0.8201298123535918,0,0,1,稳健型
1651,56,0.6527360382109493,0,0,1,稳健型
1652,56,0.8118061651863065,0,3,3,成长型
1653,62,0.7625344965690787,0,4,3,成长型
1654,25,0.11190373413342744,1,3,4,进取型
1655,58,0.5052400249953526,1,5,4,进取型
1656,65,0.16577912365469608,0,1,1,稳健型
1657,43,0.8058168093847708,0,0,1,稳健型
1658,30,0.5103249911047699,0,2,1,稳健型
1659,32,0.9691621396692889,1,3,4,进取型
1660,53,0.2932217846554219,1,0,0,保守型
1661,44,0.5449801049338373,1,5,4,进取型
1662,26,0.5063552210190634,1,2,0,保守型
1663,23,0.854042804484216,1,5,4,进取型
1664,27,0.344735512124249,1,1,0,保守型
1665,39,0.7531504214191198,0,2,3,成长型
1666,48,0.5619402976854386,1,3,4,进取型
1667,64,0.7976113310520918,2,3,2,平衡型
1668,65,0.44854856226748385,1,1,0,保守型
1669,29,0.6071745358542752,1,4,4,进取型
1670,62,0.2933380244841165,0,4,3,成长型
1671,53,0.44485553056753097,2,0,2,平衡型
1672,45,0.6162835386347629,0,0,1,稳健型
1673,60,0.8375028511440539,0,2,3,成长型
1674,68,0.9022458404309797,0,2,3,成长型
1675,22,0.6233982811162263,2,3,2,平衡型
1676,25,0.29264339121951544,2,0,2,平衡型
1677,24,0.8676335658404417,2,2,2,平衡型
1678,24,0.6364150176829269,1,2,0,保守型
1679,66,0.14379303603103846,0,1,1,稳健型
1680,42,0.08916250797927834,2,2,2,平衡型
1681,68,0.5967189232995184,2,1,2,平衡型
1682,28,0.4478254259813623,1,0,0,保守型
1683,54,0.10340486488161735,0,2,1,稳健型
1684,39,0.6043612807768669,1,5,4,进取型
1685,68,0.6415430611630786,2,1,2,平衡型
1686,61,0.6855220259158107,2,1,2,平衡型
1687,54,0.40736049484307774,2,1,2,平衡型
1688,69,0.3069455873830997,2,1,2,平衡型
1689,37,0.5611447822166159,2,1,2,平衡型
1690,36,0.5132401038005898,1,3,4,进取型
1691,43,0.5644711863375798,1,0,0,保守型
1692,22,0.4375133043322522,0,5,3,成长型
1693,51,0.9464938501394562,1,0,0,保守型
1694,54,0.5018970244182409,1,4,4,进取型
1695,57,0.31051089127872816,2,4,2,平衡型
1696,32,0.3487328373749458,0,2,1,稳健型
1697,66,0.4732780450505409,0,0,1,稳健型
1698,44,0.7072904951354178,0,2,3,成长型
1699,28,0.6964228883351505,1,2,0,保守型
1700,23,0.5107506710832701,1,4,4,进取型
1701,33,0.7869761032190431,0,2,3,成长型
1702,56,0.5210210559331312,0,1,1,稳健型
1703,53,0.8569053156218861,0,3,3,成长型
1704,30,0.6757182163623433,0,5,3,成长型
1705,60,0.32196941068894847,0,2,1,稳健型
1706,22,0.4927392291482713,0,4,3,成长型
1707,47,0.5466061712253197,0,2,1,稳健型
1708,48,0.9451832809242282,0,2,3,成长型
1709,28,0.6846803804859204,0,2,3,成长型
1710,22,0.5254576360159696,2,3,2,平衡型
1711,44,0.6013869766961633,0,1,1,稳健型
1712,53,0.31636810611509464,0,2,1,稳健型
1713,31,0.8675042809320334,0,2,3,成长型
1714,61,0.5520413174390848,0,1,1,稳健型
1715,28,0.5535738941400781,0,1,1,稳健型
1716,34,0.9624168354937621,0,3,3,成长型
1717,59,0.6407549719567589,1,2,0,保守型
1718,44,0.5200933965013671,1,0,0,保守型
1719,24,0.6165339248096524,1,3,4,进取型
1720,30,0.5359844777237068,1,4,4,进取型
1721,53,0.6316983111412651,0,2,1,稳健型
1722,43,0.15139965783706455,2,1,2,平衡型
1723,34,0.26069377814293715,0,4,3,成长型
1724,57,0.7846989238397409,1,4,4,进取型
1725,27,0.5358812605278616,0,1,1,稳健型
1726,24,0.30137325233488027,2,0,2,平衡型
1727,67,0.3309379352027768,1,1,0,保守型
1728,45,0.4846959640231288,0,2,1,稳健型
1729,37,0.6967670893013553,1,0,0,保守型
1730,25,0.40543980513076433,0,2,1,稳健型
1731,56,0.6088851816244104,1,1,0,保守型
1732,67,0.055332043118654584,1,4,4,进取型
1733,32,0.5785089988069326,0,1,1,稳健型
1734,47,0.24124166300490787,0,2,1,稳健型
1735,24,0.7222747195992367,0,5,3,成长型
1736,32,0.28698266408730694,1,1,0,保守型
1737,36,0.6295570023897852,0,1,1,稳健型
1738,69,0.3607099869053101,1,3,4,进取型
1739,59,0.44481553525743905,2,1,2,平衡型
1740,64,0.3687025691504302,0,3,3,成长型
1741,51,0.6756275132757323,2,0,2,平衡型
1742,48,0.8385109338007454,1,0,0,保守型
1743,22,0.14107792259075833,0,4,3,成长型
1744,59,0.09255162093320388,0,2,1,稳健型
1745,53,0.303794297898637,1,3,4,进取型
1746,59,0.153118702711124,0,1,1,稳健型
1747,46,0.2506678646120955,0,0,1,稳健型
1748,32,0.24569702888158673,0,3,3,成长型
1749,64,0.4550313327690343,1,1,0,保守型
1750,52,0.2649245606410619,1,2,0,保守型
1751,25,0.5991060205625132,1,0,0,保守型
1752,43,0.87013121356826,0,1,1,稳健型
1753,38,0.39694425534135697,1,3,4,进取型
1754,35,0.4214049262710131,2,3,2,平衡型
1755,59,0.6521102993321988,0,2,1,稳健型
1756,47,0.7932284726183719,0,2,3,成长型
1757,52,0.034065923765185656,2,2,2,平衡型
1758,67,0.47094431778373486,1,2,0,保守型
1759,60,0.4290947889132941,1,3,4,进取型
1760,32,0.4151190345307702,2,1,2,平衡型
1761,62,0.4262892332793735,1,1,0,保守型
1762,64,0.8096004177343746,0,4,3,成长型
1763,44,0.8763316756414324,1,0,0,保守型
1764,61,0.7231640223083883,1,0,0,保守型
1765,55,0.5407780973852001,2,2,2,平衡型
1766,46,0.6627077752981827,0,3,3,成长型
1767,57,0.19757351996708192,1,2,0,保守型
1768,26,0.2536382663357395,1,1,0,保守型
1769,24,0.1450419987998004,0,5,3,成长型
1770,62,0.8165103530274266,0,3,3,成长型
1771,64,0.2600710834656305,2,3,2,平衡型
1772,50,0.5959402464463914,0,0,1,稳健型
1773,42,0.3818072455762898,1,1,0,保守型
1774,61,0.23655769062941132,2,1,2,平衡型
1775,29,0.7929314919904233,0,0,1,稳健型
1776,51,0.6363925870718395,2,0,2,平衡型
1777,62,0.8789206205404085,1,1,0,保守型
1778,49,0.4378224835980119,0,2,1,稳健型
1779,58,0.3414106089506589,0,2,1,稳健型
1780,50,0.7488133499455977,2,3,2,平衡型
1781,37,0.13284300895893125,0,0,1,稳健型
1782,55,0.5968536554060636,0,1,1,稳健型
1783,21,0.8811888525811247,0,0,1,稳健型
1784,33,0.8333103084704658,0,1,1,稳健型
1785,32,0.4989503851200082,0,1,1,稳健型
1786,48,0.40604653488091813,2,2,2,平衡型
1787,31,0.5630430441732793,2,4,2,平衡型
1788,58,0.5801852535855394,0,3,3,成长型
1789,21,0.14823420606762644,0,2,1,稳健型
1790,51,0.8494996582672514,1,4,4,进取型
1791,32,0.515532377502109,0,2,1,稳健型
1792,65,0.8416261506564744,1,3,4,进取型
1793,46,0.7243749885548648,2,2,2,平衡型
1794,68,0.7980348221442259,2,2,2,平衡型
1795,60,0.5416507961575705,0,3,3,成长型
1796,36,0.2978976194715054,0,0,1,稳健型
1797,59,0.37594835925385245,0,2,1,稳健型
1798,50,0.4265523433063345,0,4,3,成长型
1799,53,0.48671491075926676,0,3,3,成长型
1800,43,0.7092535894368263,2,0,2,平衡型
1801,64,0.7518142255156075,2,1,2,平衡型
1802,54,0.5129256177047551,2,3,2,平衡型
1803,67,0.5915379273797516,2,5,2,平衡型
1804,25,0.42831829168029883,0,1,1,稳健型
1805,38,0.8403498953071994,1,3,4,进取型
1806,49,0.6662646290257412,0,4,3,成长型
1807,26,0.4357501827598911,0,0,1,稳健型
1808,29,0.7582363278367188,1,3,4,进取型
1809,60,0.4962240172733876,1,1,0,保守型
1810,51,0.6934484073196433,1,2,0,保守型
1811,53,0.2803671156312481,0,2,1,稳健型
1812,47,0.4882152407875963,0,2,1,稳健型
1813,34,0.3540607319085653,0,3,3,成长型
1814,49,0.060403401756730764,0,1,1,稳健型
1815,56,0.043226610999999915,0,4,3,成长型
1816,48,0.75257303244991,1,3,4,进取型
1817,41,0.8849281880887675,1,3,4,进取型
1818,23,0.4539045734549813,0,2,1,稳健型
1819,39,0.5407174810696419,1,0,0,保守型
1820,51,0.3172556241265873,0,2,1,稳健型
1821,55,0.7610419898271157,2,4,2,平衡型
1822,69,0.30730344201220755,0,0,1,稳健型
1823,23,0.7777909863327854,1,5,4,进取型
1824,46,0.7337988704774213,2,3,2,平衡型
1825,36,0.5094910217201797,2,3,2,平衡型
1826,31,0.5195552504653228,0,2,1,稳健型
1827,41,0.3491469541445813,1,2,0,保守型
1828,36,0.31765873164736513,0,3,3,成长型
1829,29,0.16753055417210114,0,1,1,稳健型
1830,20,0.13767582350233615,0,3,3,成长型
1831,41,0.8002007976855692,2,2,2,平衡型
1832,45,0.11454052774169521,2,3,2,平衡型
1833,37,0.1080648617045535,0,3,3,成长型
1834,69,0.5652073899666723,1,0,0,保守型
1835,33,0.5618132298886389,2,0,2,平衡型
1836,66,0.8381070388964558,0,3,3,成长型
1837,48,0.7829092257376037,0,1,1,稳健型
1838,31,0.3469988586435728,0,2,1,稳健型
1839,55,0.3892618803362597,1,1,0,保守型
1840,54,0.4281546006019473,0,0,1,稳健型
1841,31,0.3501018009394837,1,0,0,保守型
1842,26,0.5500905791158054,0,3,3,成长型
1843,48,0.5322842555013206,0,2,1,稳健型
1844,30,0.1471681003699836,0,2,1,稳健型
1845,52,0.869264576110066,0,4,3,成长型
1846,25,0.4499008198820495,0,0,1,稳健型
1847,66,0.47564052867836465,0,1,1,稳健型
1848,34,0.8634232272418655,1,3,4,进取型
1849,51,0.5394204836887464,0,3,3,成长型
1850,30,0.05084791205938102,1,1,0,保守型
1851,42,0.809075790455751,2,5,2,平衡型
1852,45,0.4661423881696355,1,4,4,进取型
1853,53,0.6183655647733848,2,0,2,平衡型
1854,65,0.5838470937412804,1,0,0,保守型
1855,53,0.9513870625697154,0,3,3,成长型
1856,48,0.3102216134663687,2,1,2,平衡型
1857,23,0.42593981304949025,2,0,2,平衡型
1858,36,0.7904864183027845,2,3,2,平衡型
1859,54,0.20536985746712638,1,2,0,保守型
1860,32,0.7814583221131604,1,2,0,保守型
1861,60,0.3392065080133184,0,0,1,稳健型
1862,58,0.15525645264986532,1,2,0,保守型
1863,34,0.16604913917584405,0,2,1,稳健型
1864,48,0.4777222242604484,0,1,1,稳健型
1865,48,0.15954666781776372,1,1,0,保守型
1866,30,0.2937578550810323,0,2,1,稳健型
1867,51,0.8681379290160531,0,4,3,成长型
1868,21,0.7148670975701646,1,4,4,进取型
1869,66,0.7630296607567305,2,1,2,平衡型
1870,33,0.6637800637297449,1,3,4,进取型
1871,39,0.42698431109337154,1,3,4,进取型
1872,41,0.30504212584911483,2,3,2,平衡型
1873,30,0.4637261754538893,0,2,1,稳健型
1874,46,0.308059778206289,1,0,0,保守型
1875,22,0.6872946666065068,0,3,3,成长型
1876,36,0.5608766145924399,0,0,1,稳健型
1877,63,0.7782825882221097,1,0,0,保守型
1878,47,0.5362599167438264,1,2,0,保守型
1879,48,0.49317365968890253,0,5,3,成长型
1880,40,0.8266561705036903,0,1,1,稳健型
1881,66,0.5583635966201207,1,2,0,保守型
1882,35,0.496015881189223,1,1,0,保守型
1883,56,0.5132821773218297,1,4,4,进取型
1884,39,0.6319404509326186,0,2,1,稳健型
1885,25,0.1625229634403926,1,1,0,保守型
1886,38,0.43017174415647796,0,1,1,稳健型
1887,24,0.6590695293057657,0,1,1,稳健型
1888,22,0.1731107141333538,1,0,0,保守型
1889,20,0.25915007907865445,1,0,0,保守型
1890,57,0.3808388823791298,0,2,1,稳健型
1891,34,0.37868425251045945,0,1,1,稳健型
1892,53,0.091721435672849,1,3,4,进取型
1893,54,0.44121555097058623,0,0,1,稳健型
1894,68,0.461290994675268,0,2,1,稳健型
1895,44,0.8881168480528938,0,1,1,稳健型
1896,43,0.5804400964907737,0,0,1,稳健型
1897,31,0.7959675039881842,0,2,3,成长型
1898,37,0.8886180856204755,2,0,2,平衡型
1899,34,0.46591797365937476,1,3,4,进取型
1900,63,0.4449312408577076,1,2,0,保守型
1901,35,0.6131888071706522,1,2,0,保守型
1902,46,0.3685566999730856,1,0,0,保守型
1903,27,0.6054995646878731,2,1,2,平衡型
1904,65,0.4659088858948741,1,2,0,保守型
1905,44,0.5840777513274974,0,2,1,稳健型
1906,36,0.39380451699720476,1,0,0,保守型
1907,48,0.5267731912971051,0,0,1,稳健型
1908,27,0.3455521843417047,1,1,0,保守型
1909,34,0.2870844413064128,1,2,0,保守型
1910,46,0.5395834626043189,2,0,2,平衡型
1911,65,0.379983291228661,1,2,0,保守型
1912,69,0.1701300066628158,0,1,1,稳健型
1913,26,0.894192558676646,0,2,3,成长型
1914,22,0.44142768883892003,0,1,1,稳健型
1915,48,0.41871178133268,0,2,1,稳健型
1916,63,0.8955214029848414,0,0,1,稳健型
1917,43,0.37605371594938986,0,0,1,稳健型
1918,22,0.577683419240557,0,1,1,稳健型
1919,39,0.4653831174744793,2,1,2,平衡型
1920,65,0.9398208083790256,0,1,1,稳健型
1921,34,0.7811004594693663,0,3,3,成长型
1922,44,0.5043070980038699,0,4,3,成长型
1923,49,0.5325818765561307,1,1,0,保守型
1924,33,0.3071133613795965,0,3,3,成长型
1925,26,0.3837247310936438,1,2,0,保守型
1926,36,0.6256569458831582,0,1,1,稳健型
1927,63,0.3907335883753684,1,5,4,进取型
1928,39,0.2775080643392491,1,3,4,进取型
1929,55,0.33584666293921717,0,5,3,成长型
1930,28,0.8079949886336067,0,0,1,稳健型
1931,57,0.2780198655582135,0,0,1,稳健型
1932,67,0.5731404748418643,1,2,0,保守型
1933,41,0.43107700141018584,0,2,1,稳健型
1934,21,0.2313074535543092,1,0,0,保守型
1935,43,0.459276670989326,1,4,4,进取型
1936,27,0.14720899398977147,1,2,0,保守型
1937,30,0.3311766060679106,0,1,1,稳健型
1938,32,0.13604266752461514,0,2,1,稳健型
1939,36,0.7403019958319131,1,2,0,保守型
1940,27,0.8678963540975917,2,0,2,平衡型
1941,40,0.26506026819853695,2,5,2,平衡型
1942,37,0.6346444134217053,2,1,2,平衡型
1943,49,0.1696794441447495,1,0,0,保守型
1944,37,0.5425251465143863,1,4,4,进取型
1945,65,0.5350723254963863,1,5,4,进取型
1946,66,0.7646149785780297,0,3,3,成长型
1947,50,0.2360048219459336,1,4,4,进取型
1948,57,0.6327351150082211,0,2,1,稳健型
1949,51,0.48120184752981265,0,4,3,成长型
1950,30,0.37672918785902143,1,0,0,保守型
1951,64,0.0663146833155927,0,3,3,成长型
1952,44,0.2280296167645354,0,2,1,稳健型
1953,52,0.2449452530104935,0,0,1,稳健型
1954,57,0.11026994672369489,2,2,2,平衡型
1955,60,0.6858162947224635,1,2,0,保守型
1956,27,0.3133760631007962,1,2,0,保守型
1957,30,0.25210561522108493,0,0,1,稳健型
1958,41,0.24313045915251988,0,3,3,成长型
1959,43,0.08398950978628421,0,0,1,稳健型
1960,60,0.1870212391720692,0,1,1,稳健型
1961,36,0.12498968714483029,1,4,4,进取型
1962,31,0.36252280265527087,0,2,1,稳健型
1963,65,0.5527118566295303,0,1,1,稳健型
1964,51,0.7312902271553768,0,0,1,稳健型
1965,34,0.6469367070581179,0,2,1,稳健型
1966,35,0.1319137010775089,0,5,3,成长型
1967,41,0.5902339672835903,1,4,4,进取型
1968,47,0.3837675627457706,1,3,4,进取型
1969,39,0.729538027793646,1,0,0,保守型
1970,52,0.16489460555829083,1,1,0,保守型
1971,29,0.5874127328755889,0,0,1,稳健型
1972,59,0.5103375330376986,1,1,0,保守型
1973,51,0.8957520768721301,1,1,0,保守型
1974,69,0.37278924926673856,0,1,1,稳健型
1975,52,0.5923499284526986,1,2,0,保守型
1976,21,0.8134887387540912,2,1,2,平衡型
1977,52,0.2836923148937184,0,2,1,稳健型
1978,52,0.2394030542350202,1,4,4,进取型
1979,60,0.5319071253350737,1,2,0,保守型
1980,32,0.5594573431171661,1,3,4,进取型
1981,49,0.6081810274652809,1,3,4,进取型
1982,52,0.3785347460471695,0,1,1,稳健型
1983,32,0.5741473273367463,0,0,1,稳健型
1984,45,0.11253303586246101,1,0,0,保守型
1985,41,0.4770062252228657,1,1,0,保守型
1986,58,0.71155764988744,2,2,2,平衡型
1987,21,0.5765265867039367,0,4,3,成长型
1988,57,0.6127113948068883,0,5,3,成长型
1989,58,0.19802783527011927,0,0,1,稳健型
1990,45,0.9058152005983786,0,5,3,成长型
1991,65,0.20947722616391398,0,1,1,稳健型
1992,69,0.2838236111751135,0,3,3,成长型
1993,34,0.24476590086114855,0,0,1,稳健型
1994,53,0.6211567555324046,0,0,1,稳健型
1995,61,0.220569024740762,0,1,1,稳健型
1996,63,0.3415003636072107,2,4,2,平衡型
1997,68,0.4096122251749547,1,1,0,保守型
1998,59,0.3339439749429872,0,0,1,稳健型
1999,30,0.48502422875298173,2,4,2,平衡型
